PASS __tests__/production-entry.test.js
  ● Console

    console.error
      Error in `undefined`: Error: Line 17: Unexpected reserved word

      38 |       path.resolve(__dirname, 'src/app/index.jsx'),
      39 |     ],
    > 40 |     vendor: findImports([
         |             ^
      41 |       'src/app/**/*.{js,jsx}',
      42 |       '!src/app/**/*.development.js',
      43 |       '!src/app/**/__tests__/**',

      at node_modules/find-imports/index.js:139:21
          at Array.forEach (<anonymous>)
      at findImports (node_modules/find-imports/index.js:83:15)
      at Object.findImports (webpack.config.production.js:40:13)
      at Object.require (__tests__/production-entry.test.js:1:19)

PASS src/server/controllers/Grbl/__tests__/GrblController.test.js
PASS __tests__/app-template.test.js
PASS __tests__/ui-migration.test.js
PASS src/server/__tests__/app.test.js
  ● Console

    console.info
      🌐 i18next is made possible by our own product, Locize — consider powering your project with managed localization (AI, CDN, integrations): https://locize.com 💙

      at I18n.init (node_modules/i18next/dist/cjs/i18next.js:1789:90)

PASS src/server/controllers/TinyG/__tests__/TinyGController.test.js
  ● Console

    console.log
      2026-10-02T13:54:48.866Z - warn controller:TinyG Warning: The "jogCancel" command is deprecated and will be removed in a future release.

      at Console.log (node_modules/winston/lib/winston/transports/console.js:79:23)

    console.log
      2026-10-02T13:54:48.867Z - warn controller:TinyG Warning: The "feeder:feed" command is deprecated and will be removed in a future release.

      at Console.log (node_modules/winston/lib/winston/transports/console.js:79:23)

    console.log
      2026-10-02T13:54:48.868Z - warn controller:TinyG Warning: The "feedOverride" command is deprecated and will be removed in a future release.

      at Console.log (node_modules/winston/lib/winston/transports/console.js:79:23)

    console.log
      2026-10-02T13:54:48.869Z - warn controller:TinyG Warning: The "feedOverride" command is deprecated and will be removed in a future release.

      at Console.log (node_modules/winston/lib/winston/transports/console.js:79:23)

    console.log
      2026-10-02T13:54:48.870Z - warn controller:TinyG Warning: The "feedOverride" command is deprecated and will be removed in a future release.

      at Console.log (node_modules/winston/lib/winston/transports/console.js:79:23)

    console.log
      2026-10-02T13:54:48.870Z - warn controller:TinyG Warning: The "feedOverride" command is deprecated and will be removed in a future release.

      at Console.log (node_modules/winston/lib/winston/transports/console.js:79:23)

    console.log
      2026-10-02T13:54:48.871Z - warn controller:TinyG Warning: The "spindleOverride" command is deprecated and will be removed in a future release.

      at Console.log (node_modules/winston/lib/winston/transports/console.js:79:23)

    console.log
      2026-10-02T13:54:48.872Z - warn controller:TinyG Warning: The "spindleOverride" command is deprecated and will be removed in a future release.

      at Console.log (node_modules/winston/lib/winston/transports/console.js:79:23)

    console.log
      2026-10-02T13:54:48.872Z - warn controller:TinyG Warning: The "spindleOverride" command is deprecated and will be removed in a future release.

      at Console.log (node_modules/winston/lib/winston/transports/console.js:79:23)

    console.log
      2026-10-02T13:54:48.873Z - warn controller:TinyG Warning: The "spindleOverride" command is deprecated and will be removed in a future release.

      at Console.log (node_modules/winston/lib/winston/transports/console.js:79:23)

    console.log
      2026-10-02T13:54:48.874Z - warn controller:TinyG Warning: The "rapidOverride" command is deprecated and will be removed in a future release.

      at Console.log (node_modules/winston/lib/winston/transports/console.js:79:23)

    console.log
      2026-10-02T13:54:48.874Z - warn controller:TinyG Warning: The "rapidOverride" command is deprecated and will be removed in a future release.

      at Console.log (node_modules/winston/lib/winston/transports/console.js:79:23)

    console.log
      2026-10-02T13:54:48.875Z - warn controller:TinyG Warning: The "rapidOverride" command is deprecated and will be removed in a future release.

      at Console.log (node_modules/winston/lib/winston/transports/console.js:79:23)

    console.log
      2026-10-02T13:54:48.876Z - warn controller:TinyG Warning: The "rapidOverride" command is deprecated and will be removed in a future release.

      at Console.log (node_modules/winston/lib/winston/transports/console.js:79:23)

    console.log
      2026-10-02T13:54:48.876Z - warn controller:TinyG Warning: The "rapidOverride" command is deprecated and will be removed in a future release.

      at Console.log (node_modules/winston/lib/winston/transports/console.js:79:23)

    console.log
      2026-10-02T13:54:48.877Z - warn controller:TinyG Warning: The "lasertest:on" command is deprecated and will be removed in a future release.

      at Console.log (node_modules/winston/lib/winston/transports/console.js:79:23)

    console.log
      2026-10-02T13:54:48.877Z - warn controller:TinyG Warning: The "lasertest:on" command is deprecated and will be removed in a future release.

      at Console.log (node_modules/winston/lib/winston/transports/console.js:79:23)

    console.log
      2026-10-02T13:54:48.878Z - warn controller:TinyG Warning: The "lasertest:off" command is deprecated and will be removed in a future release.

      at Console.log (node_modules/winston/lib/winston/transports/console.js:79:23)

    console.log
      2026-10-02T13:54:48.879Z - warn controller:TinyG Warning: The "feeder:feed" command is deprecated and will be removed in a future release.

      at Console.log (node_modules/winston/lib/winston/transports/console.js:79:23)

    console.log
      2026-10-02T13:54:48.880Z - warn controller:TinyG Warning: The "feeder:feed" command is deprecated and will be removed in a future release.

      at Console.log (node_modules/winston/lib/winston/transports/console.js:79:23)

    console.log
      2026-10-02T13:54:48.884Z - warn controller:TinyG Warning: The "gcode:start" command is deprecated and will be removed in a future release.

      at Console.log (node_modules/winston/lib/winston/transports/console.js:79:23)

    console.log
      2026-10-02T13:54:48.884Z - warn controller:TinyG Warning: The "feeder:feed" command is deprecated and will be removed in a future release.

      at Console.log (node_modules/winston/lib/winston/transports/console.js:79:23)

    console.log
      2026-10-02T13:54:48.885Z - warn controller:TinyG Warning: The "gcode:load" command is deprecated and will be removed in a future release.

      at Console.log (node_modules/winston/lib/winston/transports/console.js:79:23)

    console.log
      2026-10-02T13:54:48.886Z - warn controller:TinyG Warning: The "gcode:load" command is deprecated and will be removed in a future release.

      at Console.log (node_modules/winston/lib/winston/transports/console.js:79:23)

    console.log
      2026-10-02T13:54:48.886Z - warn controller:TinyG Warning: The "gcode:load" command is deprecated and will be removed in a future release.

      at Console.log (node_modules/winston/lib/winston/transports/console.js:79:23)

    console.log
      2026-10-02T13:54:48.887Z - warn controller:TinyG Warning: The "gcode:load" command is deprecated and will be removed in a future release.

      at Console.log (node_modules/winston/lib/winston/transports/console.js:79:23)

    console.log
      2026-10-02T13:54:48.887Z - warn controller:TinyG Warning: The "gcode:unload" command is deprecated and will be removed in a future release.

      at Console.log (node_modules/winston/lib/winston/transports/console.js:79:23)

    console.log
      2026-10-02T13:54:48.888Z - warn controller:TinyG Warning: The "gcode:load" command is deprecated and will be removed in a future release.

      at Console.log (node_modules/winston/lib/winston/transports/console.js:79:23)

    console.log
      2026-10-02T13:54:48.888Z - warn controller:TinyG Warning: The "gcode:start" command is deprecated and will be removed in a future release.

      at Console.log (node_modules/winston/lib/winston/transports/console.js:79:23)

    console.log
      2026-10-02T13:54:48.889Z - warn controller:TinyG Warning: The "gcode:load" command is deprecated and will be removed in a future release.

      at Console.log (node_modules/winston/lib/winston/transports/console.js:79:23)

    console.log
      2026-10-02T13:54:48.889Z - warn controller:TinyG Warning: The "gcode:start" command is deprecated and will be removed in a future release.

      at Console.log (node_modules/winston/lib/winston/transports/console.js:79:23)

    console.log
      2026-10-02T13:54:48.889Z - warn controller:TinyG Warning: The "gcode:pause" command is deprecated and will be removed in a future release.

      at Console.log (node_modules/winston/lib/winston/transports/console.js:79:23)

    console.log
      2026-10-02T13:54:48.890Z - warn controller:TinyG Warning: The "gcode:load" command is deprecated and will be removed in a future release.

      at Console.log (node_modules/winston/lib/winston/transports/console.js:79:23)

    console.log
      2026-10-02T13:54:48.890Z - warn controller:TinyG Warning: The "gcode:start" command is deprecated and will be removed in a future release.

      at Console.log (node_modules/winston/lib/winston/transports/console.js:79:23)

    console.log
      2026-10-02T13:54:48.890Z - warn controller:TinyG Warning: The "gcode:pause" command is deprecated and will be removed in a future release.

      at Console.log (node_modules/winston/lib/winston/transports/console.js:79:23)

    console.log
      2026-10-02T13:54:48.891Z - warn controller:TinyG Warning: The "gcode:resume" command is deprecated and will be removed in a future release.

      at Console.log (node_modules/winston/lib/winston/transports/console.js:79:23)

    console.log
      2026-10-02T13:54:48.891Z - warn controller:TinyG Warning: The "gcode:load" command is deprecated and will be removed in a future release.

      at Console.log (node_modules/winston/lib/winston/transports/console.js:79:23)

    console.log
      2026-10-02T13:54:48.892Z - warn controller:TinyG Warning: The "gcode:start" command is deprecated and will be removed in a future release.

      at Console.log (node_modules/winston/lib/winston/transports/console.js:79:23)

    console.log
      2026-10-02T13:54:48.892Z - warn controller:TinyG Warning: The "gcode:stop" command is deprecated and will be removed in a future release.

      at Console.log (node_modules/winston/lib/winston/transports/console.js:79:23)

    console.log
      2026-10-02T13:54:48.892Z - warn controller:TinyG Warning: The "gcode:load" command is deprecated and will be removed in a future release.

      at Console.log (node_modules/winston/lib/winston/transports/console.js:79:23)

    console.log
      2026-10-02T13:54:48.893Z - warn controller:TinyG Warning: The "gcode:stop" command is deprecated and will be removed in a future release.

      at Console.log (node_modules/winston/lib/winston/transports/console.js:79:23)

    console.log
      2026-10-02T13:54:48.893Z - warn controller:TinyG Warning: The "gcode:load" command is deprecated and will be removed in a future release.

      at Console.log (node_modules/winston/lib/winston/transports/console.js:79:23)

    console.log
      2026-10-02T13:54:48.894Z - warn controller:TinyG Warning: The "gcode:stop" command is deprecated and will be removed in a future release.

      at Console.log (node_modules/winston/lib/winston/transports/console.js:79:23)

    console.log
      2026-10-02T13:54:48.894Z - warn controller:TinyG Warning: The "gcode:load" command is deprecated and will be removed in a future release.

      at Console.log (node_modules/winston/lib/winston/transports/console.js:79:23)

    console.log
      2026-10-02T13:54:48.894Z - warn controller:TinyG Warning: The "gcode:stop" command is deprecated and will be removed in a future release.

      at Console.log (node_modules/winston/lib/winston/transports/console.js:79:23)

    console.log
      2026-10-02T13:54:48.895Z - warn controller:TinyG Warning: The "gcode:load" command is deprecated and will be removed in a future release.

      at Console.log (node_modules/winston/lib/winston/transports/console.js:79:23)

    console.log
      2026-10-02T13:54:48.895Z - warn controller:TinyG Warning: The "start" command is deprecated and will be removed in a future release.

      at Console.log (node_modules/winston/lib/winston/transports/console.js:79:23)

    console.log
      2026-10-02T13:54:48.895Z - warn controller:TinyG Warning: The "gcode:load" command is deprecated and will be removed in a future release.

      at Console.log (node_modules/winston/lib/winston/transports/console.js:79:23)

    console.log
      2026-10-02T13:54:48.896Z - warn controller:TinyG Warning: The "gcode:start" command is deprecated and will be removed in a future release.

      at Console.log (node_modules/winston/lib/winston/transports/console.js:79:23)

    console.log
      2026-10-02T13:54:48.896Z - warn controller:TinyG Warning: The "gcode:load" command is deprecated and will be removed in a future release.

      at Console.log (node_modules/winston/lib/winston/transports/console.js:79:23)

    console.log
      2026-10-02T13:54:48.897Z - warn controller:TinyG Warning: The "stop" command is deprecated and will be removed in a future release.

      at Console.log (node_modules/winston/lib/winston/transports/console.js:79:23)

    console.log
      2026-10-02T13:54:48.897Z - warn controller:TinyG Warning: The "gcode:load" command is deprecated and will be removed in a future release.

      at Console.log (node_modules/winston/lib/winston/transports/console.js:79:23)

    console.log
      2026-10-02T13:54:48.897Z - warn controller:TinyG Warning: The "gcode:stop" command is deprecated and will be removed in a future release.

      at Console.log (node_modules/winston/lib/winston/transports/console.js:79:23)

    console.log
      2026-10-02T13:54:48.900Z - warn controller:TinyG Warning: The "gcode:load" command is deprecated and will be removed in a future release.

      at Console.log (node_modules/winston/lib/winston/transports/console.js:79:23)

    console.log
      2026-10-02T13:54:48.900Z - warn controller:TinyG Warning: The "pause" command is deprecated and will be removed in a future release.

      at Console.log (node_modules/winston/lib/winston/transports/console.js:79:23)

    console.log
      2026-10-02T13:54:48.901Z - warn controller:TinyG Warning: The "gcode:load" command is deprecated and will be removed in a future release.

      at Console.log (node_modules/winston/lib/winston/transports/console.js:79:23)

    console.log
      2026-10-02T13:54:48.901Z - warn controller:TinyG Warning: The "gcode:pause" command is deprecated and will be removed in a future release.

      at Console.log (node_modules/winston/lib/winston/transports/console.js:79:23)

    console.log
      2026-10-02T13:54:48.902Z - warn controller:TinyG Warning: The "gcode:load" command is deprecated and will be removed in a future release.

      at Console.log (node_modules/winston/lib/winston/transports/console.js:79:23)

    console.log
      2026-10-02T13:54:48.902Z - warn controller:TinyG Warning: The "resume" command is deprecated and will be removed in a future release.

      at Console.log (node_modules/winston/lib/winston/transports/console.js:79:23)

    console.log
      2026-10-02T13:54:48.902Z - warn controller:TinyG Warning: The "gcode:load" command is deprecated and will be removed in a future release.

      at Console.log (node_modules/winston/lib/winston/transports/console.js:79:23)

    console.log
      2026-10-02T13:54:48.902Z - warn controller:TinyG Warning: The "gcode:resume" command is deprecated and will be removed in a future release.

      at Console.log (node_modules/winston/lib/winston/transports/console.js:79:23)

    console.log
      2026-10-02T13:54:48.903Z - warn controller:TinyG Warning: The "macro:run" command is deprecated and will be removed in a future release.

      at Console.log (node_modules/winston/lib/winston/transports/console.js:79:23)

    console.log
      2026-10-02T13:54:48.904Z - warn controller:TinyG Warning: The "macro:run" command is deprecated and will be removed in a future release.

      at Console.log (node_modules/winston/lib/winston/transports/console.js:79:23)

    console.log
      2026-10-02T13:54:48.904Z - error controller:TinyG Cannot find the macro: id=missing

      at Console.log (node_modules/winston/lib/winston/transports/console.js:79:23)

    console.log
      2026-10-02T13:54:48.905Z - warn controller:TinyG Warning: The "macro:load" command is deprecated and will be removed in a future release.

      at Console.log (node_modules/winston/lib/winston/transports/console.js:79:23)

    console.log
      2026-10-02T13:54:48.906Z - warn controller:TinyG Warning: The "macro:load" command is deprecated and will be removed in a future release.

      at Console.log (node_modules/winston/lib/winston/transports/console.js:79:23)

    console.log
      2026-10-02T13:54:48.906Z - error controller:TinyG Cannot find the macro: id=missing

      at Console.log (node_modules/winston/lib/winston/transports/console.js:79:23)

    console.log
      2026-10-02T13:54:48.906Z - warn controller:TinyG Warning: The "watchdir:load" command is deprecated and will be removed in a future release.

      at Console.log (node_modules/winston/lib/winston/transports/console.js:79:23)

    console.log
      2026-10-02T13:54:48.907Z - warn controller:TinyG Warning: The "watchdir:load" command is deprecated and will be removed in a future release.

      at Console.log (node_modules/winston/lib/winston/transports/console.js:79:23)

    console.log
      2026-10-02T13:54:48.913Z - info controller:TinyG [autolevel:start] Test probe: clearanceZ=5, startZ=1, endZ=-1, F=100

      at Console.log (node_modules/winston/lib/winston/transports/console.js:79:23)

    console.log
      2026-10-02T13:54:48.914Z - info controller:TinyG [autolevel:start] Start probing with 4 points

      at Console.log (node_modules/winston/lib/winston/transports/console.js:79:23)

    console.log
      2026-10-02T13:54:48.914Z - info controller:TinyG [autolevel:start] Starting probing with 4 points

      at Console.log (node_modules/winston/lib/winston/transports/console.js:79:23)

    console.log
      2026-10-02T13:54:48.915Z - info controller:TinyG [autolevel] Probing completed

      at Console.log (node_modules/winston/lib/winston/transports/console.js:79:23)

    console.log
      2026-10-02T13:54:48.916Z - info controller:TinyG [autolevel:start] Start probing with 4 points

      at Console.log (node_modules/winston/lib/winston/transports/console.js:79:23)

    console.log
      2026-10-02T13:54:48.916Z - info controller:TinyG [autolevel:start] Starting probing with 4 points

      at Console.log (node_modules/winston/lib/winston/transports/console.js:79:23)

    console.log
      2026-10-02T13:54:48.916Z - info controller:TinyG [autolevel:stop] Probe stopped and state cleared

      at Console.log (node_modules/winston/lib/winston/transports/console.js:79:23)

    console.log
      2026-10-02T13:54:48.920Z - info controller:TinyG [autolevel:load] Loaded 2 points from /var/folders/lp/lxkd5g1n7636jh_9j0_lqrt40000gn/T/cncjs-tinyg-probe-data.txt

      at Console.log (node_modules/winston/lib/winston/transports/console.js:79:23)

    console.log
      2026-10-02T13:54:48.921Z - error controller:TinyG [autolevel:load] Error loading probe data: Error: ENOENT: no such file or directory, open '/var/folders/lp/lxkd5g1n7636jh_9j0_lqrt40000gn/T/cncjs-tinyg-missing-probe-data.txt'
          at open (node:internal/fs/promises:1345:25)
          at Object.readFile (node:internal/fs/promises:1996:14)
          at autolevel:loadFromFile (/Users/cheton/Code/cncjs/cncjs-cheton/src/server/controllers/TinyG/TinyGController.js:780:22) {
        errno: -2,
        code: 'ENOENT',
        syscall: 'open',
        path: '/var/folders/lp/lxkd5g1n7636jh_9j0_lqrt40000gn/T/cncjs-tinyg-missing-probe-data.txt'
      }

      at Console.log (node_modules/winston/lib/winston/transports/console.js:79:23)

    console.log
      2026-10-02T13:54:48.922Z - info controller:TinyG [autolevel:saveToFile] Saved 2 points to /var/folders/lp/lxkd5g1n7636jh_9j0_lqrt40000gn/T/cncjs-tinyg-probe-save.txt

      at Console.log (node_modules/winston/lib/winston/transports/console.js:79:23)

    console.log
      2026-10-02T13:54:48.922Z - info autolevel Applying Z compensation (auto-detected grid: 10.00mm × 10.00mm, 4 points)...

      at Console.log (node_modules/winston/lib/winston/transports/console.js:79:23)

    console.log
      2026-10-02T13:54:48.923Z - info autolevel Z compensation applied successfully

      at Console.log (node_modules/winston/lib/winston/transports/console.js:79:23)

    console.log
      2026-10-02T13:54:48.923Z - info controller:TinyG [autolevel:applyProbeCompensation] Probe compensation applied

      at Console.log (node_modules/winston/lib/winston/transports/console.js:79:23)

    console.log
      2026-10-02T13:54:48.923Z - error controller:TinyG Unknown command: nonexistent

      at Console.log (node_modules/winston/lib/winston/transports/console.js:79:23)

    console.log
      2026-10-02T13:54:48.924Z - error controller:TinyG Unable to write data to the connection: type=undefined, options=undefined

      at Console.log (node_modules/winston/lib/winston/transports/console.js:79:23)

    console.log
      2026-10-02T13:54:48.924Z - error controller:TinyG Unable to write data to the connection: type=undefined, options=undefined

      at Console.log (node_modules/winston/lib/winston/transports/console.js:79:23)

    console.log
      2026-10-02T13:54:48.924Z - error controller:TinyG Unable to write data to the connection: type=undefined, options=undefined

      at Console.log (node_modules/winston/lib/winston/transports/console.js:79:23)

    console.log
      2026-10-02T13:54:48.925Z - error controller:TinyG Unable to write data to the connection: type=undefined, options=undefined

      at Console.log (node_modules/winston/lib/winston/transports/console.js:79:23)

PASS src/server/controllers/Smoothie/__tests__/SmoothieController.test.js
  ● Console

    console.log
      2026-10-02T13:54:48.983Z - warn controller:Smoothie Warning: The "feedOverride" command is deprecated and will be removed in a future release.

      at Console.log (node_modules/winston/lib/winston/transports/console.js:79:23)

    console.log
      2026-10-02T13:54:48.984Z - warn controller:Smoothie Warning: The "feedOverride" command is deprecated and will be removed in a future release.

      at Console.log (node_modules/winston/lib/winston/transports/console.js:79:23)

    console.log
      2026-10-02T13:54:48.985Z - warn controller:Smoothie Warning: The "feedOverride" command is deprecated and will be removed in a future release.

      at Console.log (node_modules/winston/lib/winston/transports/console.js:79:23)

    console.log
      2026-10-02T13:54:48.985Z - warn controller:Smoothie Warning: The "feedOverride" command is deprecated and will be removed in a future release.

      at Console.log (node_modules/winston/lib/winston/transports/console.js:79:23)

    console.log
      2026-10-02T13:54:48.986Z - warn controller:Smoothie Warning: The "spindleOverride" command is deprecated and will be removed in a future release.

      at Console.log (node_modules/winston/lib/winston/transports/console.js:79:23)

    console.log
      2026-10-02T13:54:48.989Z - warn controller:Smoothie Warning: The "spindleOverride" command is deprecated and will be removed in a future release.

      at Console.log (node_modules/winston/lib/winston/transports/console.js:79:23)

    console.log
      2026-10-02T13:54:48.990Z - warn controller:Smoothie Warning: The "spindleOverride" command is deprecated and will be removed in a future release.

      at Console.log (node_modules/winston/lib/winston/transports/console.js:79:23)

    console.log
      2026-10-02T13:54:48.990Z - warn controller:Smoothie Warning: The "spindleOverride" command is deprecated and will be removed in a future release.

      at Console.log (node_modules/winston/lib/winston/transports/console.js:79:23)

    console.log
      2026-10-02T13:54:48.991Z - warn controller:Smoothie Warning: The "feedOverride" command is deprecated and will be removed in a future release.

      at Console.log (node_modules/winston/lib/winston/transports/console.js:79:23)

    console.log
      2026-10-02T13:54:48.992Z - warn controller:Smoothie Warning: The "feedOverride" command is deprecated and will be removed in a future release.

      at Console.log (node_modules/winston/lib/winston/transports/console.js:79:23)

    console.log
      2026-10-02T13:54:48.992Z - warn controller:Smoothie Warning: The "rapidOverride" command is deprecated and will be removed in a future release.

      at Console.log (node_modules/winston/lib/winston/transports/console.js:79:23)

    console.log
      2026-10-02T13:54:48.993Z - warn controller:Smoothie Warning: The "lasertest:on" command is deprecated and will be removed in a future release.

      at Console.log (node_modules/winston/lib/winston/transports/console.js:79:23)

    console.log
      2026-10-02T13:54:48.993Z - warn controller:Smoothie Warning: The "lasertest:on" command is deprecated and will be removed in a future release.

      at Console.log (node_modules/winston/lib/winston/transports/console.js:79:23)

    console.log
      2026-10-02T13:54:48.994Z - warn controller:Smoothie Warning: The "lasertest:off" command is deprecated and will be removed in a future release.

      at Console.log (node_modules/winston/lib/winston/transports/console.js:79:23)

    console.log
      2026-10-02T13:54:48.995Z - warn controller:Smoothie Warning: The "gcode:load" command is deprecated and will be removed in a future release.

      at Console.log (node_modules/winston/lib/winston/transports/console.js:79:23)

    console.log
      2026-10-02T13:54:48.995Z - warn controller:Smoothie Warning: The "gcode:load" command is deprecated and will be removed in a future release.

      at Console.log (node_modules/winston/lib/winston/transports/console.js:79:23)

    console.log
      2026-10-02T13:54:48.996Z - warn controller:Smoothie Warning: The "gcode:load" command is deprecated and will be removed in a future release.

      at Console.log (node_modules/winston/lib/winston/transports/console.js:79:23)

    console.log
      2026-10-02T13:54:48.996Z - warn controller:Smoothie Warning: The "gcode:start" command is deprecated and will be removed in a future release.

      at Console.log (node_modules/winston/lib/winston/transports/console.js:79:23)

    console.log
      2026-10-02T13:54:48.997Z - warn controller:Smoothie Warning: The "gcode:load" command is deprecated and will be removed in a future release.

      at Console.log (node_modules/winston/lib/winston/transports/console.js:79:23)

    console.log
      2026-10-02T13:54:48.997Z - warn controller:Smoothie Warning: The "gcode:start" command is deprecated and will be removed in a future release.

      at Console.log (node_modules/winston/lib/winston/transports/console.js:79:23)

    console.log
      2026-10-02T13:54:48.998Z - warn controller:Smoothie Warning: The "gcode:pause" command is deprecated and will be removed in a future release.

      at Console.log (node_modules/winston/lib/winston/transports/console.js:79:23)

    console.log
      2026-10-02T13:54:48.998Z - warn controller:Smoothie Warning: The "gcode:load" command is deprecated and will be removed in a future release.

      at Console.log (node_modules/winston/lib/winston/transports/console.js:79:23)

    console.log
      2026-10-02T13:54:48.999Z - warn controller:Smoothie Warning: The "gcode:start" command is deprecated and will be removed in a future release.

      at Console.log (node_modules/winston/lib/winston/transports/console.js:79:23)

    console.log
      2026-10-02T13:54:48.999Z - warn controller:Smoothie Warning: The "gcode:pause" command is deprecated and will be removed in a future release.

      at Console.log (node_modules/winston/lib/winston/transports/console.js:79:23)

    console.log
      2026-10-02T13:54:48.999Z - warn controller:Smoothie Warning: The "gcode:resume" command is deprecated and will be removed in a future release.

      at Console.log (node_modules/winston/lib/winston/transports/console.js:79:23)

    console.log
      2026-10-02T13:54:49.000Z - warn controller:Smoothie Warning: The "gcode:load" command is deprecated and will be removed in a future release.

      at Console.log (node_modules/winston/lib/winston/transports/console.js:79:23)

    console.log
      2026-10-02T13:54:49.000Z - warn controller:Smoothie Warning: The "gcode:start" command is deprecated and will be removed in a future release.

      at Console.log (node_modules/winston/lib/winston/transports/console.js:79:23)

    console.log
      2026-10-02T13:54:49.000Z - warn controller:Smoothie Warning: The "gcode:pause" command is deprecated and will be removed in a future release.

      at Console.log (node_modules/winston/lib/winston/transports/console.js:79:23)

    console.log
      2026-10-02T13:54:49.001Z - warn controller:Smoothie Warning: The "gcode:resume" command is deprecated and will be removed in a future release.

      at Console.log (node_modules/winston/lib/winston/transports/console.js:79:23)

    console.log
      2026-10-02T13:54:49.001Z - warn controller:Smoothie Warning: The "gcode:load" command is deprecated and will be removed in a future release.

      at Console.log (node_modules/winston/lib/winston/transports/console.js:79:23)

    console.log
      2026-10-02T13:54:49.002Z - warn controller:Smoothie Warning: The "gcode:start" command is deprecated and will be removed in a future release.

      at Console.log (node_modules/winston/lib/winston/transports/console.js:79:23)

    console.log
      2026-10-02T13:54:49.002Z - warn controller:Smoothie Warning: The "gcode:pause" command is deprecated and will be removed in a future release.

      at Console.log (node_modules/winston/lib/winston/transports/console.js:79:23)

    console.log
      2026-10-02T13:54:49.002Z - warn controller:Smoothie Warning: The "gcode:stop" command is deprecated and will be removed in a future release.

      at Console.log (node_modules/winston/lib/winston/transports/console.js:79:23)

    console.log
      2026-10-02T13:54:49.003Z - warn controller:Smoothie Warning: The "gcode:load" command is deprecated and will be removed in a future release.

      at Console.log (node_modules/winston/lib/winston/transports/console.js:79:23)

    console.log
      2026-10-02T13:54:49.003Z - warn controller:Smoothie Warning: The "gcode:start" command is deprecated and will be removed in a future release.

      at Console.log (node_modules/winston/lib/winston/transports/console.js:79:23)

    console.log
      2026-10-02T13:54:49.003Z - warn controller:Smoothie Warning: The "gcode:pause" command is deprecated and will be removed in a future release.

      at Console.log (node_modules/winston/lib/winston/transports/console.js:79:23)

    console.log
      2026-10-02T13:54:49.003Z - warn controller:Smoothie Warning: The "gcode:stop" command is deprecated and will be removed in a future release.

      at Console.log (node_modules/winston/lib/winston/transports/console.js:79:23)

    console.log
      2026-10-02T13:54:49.004Z - warn controller:Smoothie Warning: The "gcode:load" command is deprecated and will be removed in a future release.

      at Console.log (node_modules/winston/lib/winston/transports/console.js:79:23)

    console.log
      2026-10-02T13:54:49.004Z - warn controller:Smoothie Warning: The "gcode:unload" command is deprecated and will be removed in a future release.

      at Console.log (node_modules/winston/lib/winston/transports/console.js:79:23)

    console.log
      2026-10-02T13:54:49.007Z - warn controller:Smoothie Warning: The "gcode:load" command is deprecated and will be removed in a future release.

      at Console.log (node_modules/winston/lib/winston/transports/console.js:79:23)

    console.log
      2026-10-02T13:54:49.007Z - warn controller:Smoothie Warning: The "gcode:load" command is deprecated and will be removed in a future release.

      at Console.log (node_modules/winston/lib/winston/transports/console.js:79:23)

    console.log
      2026-10-02T13:54:49.008Z - warn controller:Smoothie Warning: The "start" command is deprecated and will be removed in a future release.

      at Console.log (node_modules/winston/lib/winston/transports/console.js:79:23)

    console.log
      2026-10-02T13:54:49.008Z - warn controller:Smoothie Warning: The "gcode:start" command is deprecated and will be removed in a future release.

      at Console.log (node_modules/winston/lib/winston/transports/console.js:79:23)

    console.log
      2026-10-02T13:54:49.009Z - warn controller:Smoothie Warning: The "gcode:load" command is deprecated and will be removed in a future release.

      at Console.log (node_modules/winston/lib/winston/transports/console.js:79:23)

    console.log
      2026-10-02T13:54:49.009Z - warn controller:Smoothie Warning: The "gcode:load" command is deprecated and will be removed in a future release.

      at Console.log (node_modules/winston/lib/winston/transports/console.js:79:23)

    console.log
      2026-10-02T13:54:49.009Z - warn controller:Smoothie Warning: The "stop" command is deprecated and will be removed in a future release.

      at Console.log (node_modules/winston/lib/winston/transports/console.js:79:23)

    console.log
      2026-10-02T13:54:49.010Z - warn controller:Smoothie Warning: The "gcode:stop" command is deprecated and will be removed in a future release.

      at Console.log (node_modules/winston/lib/winston/transports/console.js:79:23)

    console.log
      2026-10-02T13:54:49.010Z - warn controller:Smoothie Warning: The "gcode:load" command is deprecated and will be removed in a future release.

      at Console.log (node_modules/winston/lib/winston/transports/console.js:79:23)

    console.log
      2026-10-02T13:54:49.011Z - warn controller:Smoothie Warning: The "gcode:load" command is deprecated and will be removed in a future release.

      at Console.log (node_modules/winston/lib/winston/transports/console.js:79:23)

    console.log
      2026-10-02T13:54:49.011Z - warn controller:Smoothie Warning: The "pause" command is deprecated and will be removed in a future release.

      at Console.log (node_modules/winston/lib/winston/transports/console.js:79:23)

    console.log
      2026-10-02T13:54:49.011Z - warn controller:Smoothie Warning: The "gcode:pause" command is deprecated and will be removed in a future release.

      at Console.log (node_modules/winston/lib/winston/transports/console.js:79:23)

    console.log
      2026-10-02T13:54:49.012Z - warn controller:Smoothie Warning: The "gcode:load" command is deprecated and will be removed in a future release.

      at Console.log (node_modules/winston/lib/winston/transports/console.js:79:23)

    console.log
      2026-10-02T13:54:49.012Z - warn controller:Smoothie Warning: The "gcode:start" command is deprecated and will be removed in a future release.

      at Console.log (node_modules/winston/lib/winston/transports/console.js:79:23)

    console.log
      2026-10-02T13:54:49.012Z - warn controller:Smoothie Warning: The "gcode:pause" command is deprecated and will be removed in a future release.

      at Console.log (node_modules/winston/lib/winston/transports/console.js:79:23)

    console.log
      2026-10-02T13:54:49.013Z - warn controller:Smoothie Warning: The "gcode:load" command is deprecated and will be removed in a future release.

      at Console.log (node_modules/winston/lib/winston/transports/console.js:79:23)

    console.log
      2026-10-02T13:54:49.013Z - warn controller:Smoothie Warning: The "gcode:start" command is deprecated and will be removed in a future release.

      at Console.log (node_modules/winston/lib/winston/transports/console.js:79:23)

    console.log
      2026-10-02T13:54:49.013Z - warn controller:Smoothie Warning: The "gcode:pause" command is deprecated and will be removed in a future release.

      at Console.log (node_modules/winston/lib/winston/transports/console.js:79:23)

    console.log
      2026-10-02T13:54:49.013Z - warn controller:Smoothie Warning: The "resume" command is deprecated and will be removed in a future release.

      at Console.log (node_modules/winston/lib/winston/transports/console.js:79:23)

    console.log
      2026-10-02T13:54:49.014Z - warn controller:Smoothie Warning: The "gcode:resume" command is deprecated and will be removed in a future release.

      at Console.log (node_modules/winston/lib/winston/transports/console.js:79:23)

    console.log
      2026-10-02T13:54:49.015Z - warn controller:Smoothie Warning: The "feeder:feed" command is deprecated and will be removed in a future release.

      at Console.log (node_modules/winston/lib/winston/transports/console.js:79:23)

    console.log
      2026-10-02T13:54:49.015Z - warn controller:Smoothie Warning: The "feeder:feed" command is deprecated and will be removed in a future release.

      at Console.log (node_modules/winston/lib/winston/transports/console.js:79:23)

    console.log
      2026-10-02T13:54:49.016Z - warn controller:Smoothie Warning: The "gcode:load" command is deprecated and will be removed in a future release.

      at Console.log (node_modules/winston/lib/winston/transports/console.js:79:23)

    console.log
      2026-10-02T13:54:49.016Z - warn controller:Smoothie Warning: The "gcode:start" command is deprecated and will be removed in a future release.

      at Console.log (node_modules/winston/lib/winston/transports/console.js:79:23)

    console.log
      2026-10-02T13:54:49.017Z - warn controller:Smoothie Warning: The "feeder:feed" command is deprecated and will be removed in a future release.

      at Console.log (node_modules/winston/lib/winston/transports/console.js:79:23)

    console.log
      2026-10-02T13:54:49.017Z - warn controller:Smoothie Warning: The "feeder:feed" command is deprecated and will be removed in a future release.

      at Console.log (node_modules/winston/lib/winston/transports/console.js:79:23)

    console.log
      2026-10-02T13:54:49.018Z - warn controller:Smoothie Warning: The "macro:run" command is deprecated and will be removed in a future release.

      at Console.log (node_modules/winston/lib/winston/transports/console.js:79:23)

    console.log
      2026-10-02T13:54:49.019Z - warn controller:Smoothie Warning: The "macro:load" command is deprecated and will be removed in a future release.

      at Console.log (node_modules/winston/lib/winston/transports/console.js:79:23)

    console.log
      2026-10-02T13:54:49.019Z - warn controller:Smoothie Warning: The "macro:run" command is deprecated and will be removed in a future release.

      at Console.log (node_modules/winston/lib/winston/transports/console.js:79:23)

    console.log
      2026-10-02T13:54:49.019Z - error controller:Smoothie Cannot find the macro: id=missing

      at Console.log (node_modules/winston/lib/winston/transports/console.js:79:23)

    console.log
      2026-10-02T13:54:49.020Z - warn controller:Smoothie Warning: The "macro:load" command is deprecated and will be removed in a future release.

      at Console.log (node_modules/winston/lib/winston/transports/console.js:79:23)

    console.log
      2026-10-02T13:54:49.020Z - error controller:Smoothie Cannot find the macro: id=missing

      at Console.log (node_modules/winston/lib/winston/transports/console.js:79:23)

    console.log
      2026-10-02T13:54:49.021Z - warn controller:Smoothie Warning: The "watchdir:load" command is deprecated and will be removed in a future release.

      at Console.log (node_modules/winston/lib/winston/transports/console.js:79:23)

    console.log
      2026-10-02T13:54:49.021Z - warn controller:Smoothie Warning: The "watchdir:load" command is deprecated and will be removed in a future release.

      at Console.log (node_modules/winston/lib/winston/transports/console.js:79:23)

    console.log
      2026-10-02T13:54:49.027Z - info controller:Smoothie [autolevel:start] Test probe: clearanceZ=5, startZ=2, endZ=-1, F=100

      at Console.log (node_modules/winston/lib/winston/transports/console.js:79:23)

    console.log
      2026-10-02T13:54:49.028Z - info controller:Smoothie [autolevel:start] Start probing with 4 points

      at Console.log (node_modules/winston/lib/winston/transports/console.js:79:23)

    console.log
      2026-10-02T13:54:49.028Z - info controller:Smoothie [autolevel:start] Starting probing with 4 points

      at Console.log (node_modules/winston/lib/winston/transports/console.js:79:23)

    console.log
      2026-10-02T13:54:49.030Z - info controller:Smoothie [autolevel] Probing completed

      at Console.log (node_modules/winston/lib/winston/transports/console.js:79:23)

    console.log
      2026-10-02T13:54:49.031Z - info controller:Smoothie [autolevel:stop] Probe stopped and state cleared

      at Console.log (node_modules/winston/lib/winston/transports/console.js:79:23)

    console.log
      2026-10-02T13:54:49.033Z - info controller:Smoothie [autolevel:load] Loaded 2 points from /var/folders/lp/lxkd5g1n7636jh_9j0_lqrt40000gn/T/cncjs-smoothie-probes-77325-1790949289032.txt

      at Console.log (node_modules/winston/lib/winston/transports/console.js:79:23)

    console.log
      2026-10-02T13:54:49.034Z - error controller:Smoothie [autolevel:load] Error loading probe data: Error: ENOENT: no such file or directory, open '/var/folders/lp/lxkd5g1n7636jh_9j0_lqrt40000gn/T/cncjs-smoothie-missing-probe-file.txt'
          at open (node:internal/fs/promises:1345:25)
          at Object.readFile (node:internal/fs/promises:1996:14)
          at autolevel:loadFromFile (/Users/cheton/Code/cncjs/cncjs-cheton/src/server/controllers/Smoothie/SmoothieController.js:739:22) {
        errno: -2,
        code: 'ENOENT',
        syscall: 'open',
        path: '/var/folders/lp/lxkd5g1n7636jh_9j0_lqrt40000gn/T/cncjs-smoothie-missing-probe-file.txt'
      }

      at Console.log (node_modules/winston/lib/winston/transports/console.js:79:23)

    console.log
      2026-10-02T13:54:49.035Z - info controller:Smoothie [autolevel:saveToFile] Saved 2 points to /var/folders/lp/lxkd5g1n7636jh_9j0_lqrt40000gn/T/cncjs-smoothie-save-77325-1790949289035.txt

      at Console.log (node_modules/winston/lib/winston/transports/console.js:79:23)

    console.log
      2026-10-02T13:54:49.036Z - info autolevel Applying Z compensation (auto-detected grid: 10.00mm × 10.00mm, 4 points)...

      at Console.log (node_modules/winston/lib/winston/transports/console.js:79:23)

    console.log
      2026-10-02T13:54:49.036Z - info autolevel Z compensation applied successfully

      at Console.log (node_modules/winston/lib/winston/transports/console.js:79:23)

    console.log
      2026-10-02T13:54:49.036Z - info controller:Smoothie [autolevel:applyProbeCompensation] Probe compensation applied

      at Console.log (node_modules/winston/lib/winston/transports/console.js:79:23)

    console.log
      2026-10-02T13:54:49.037Z - info autolevel Applying Z compensation (auto-detected grid: 10.00mm × 10.00mm, 4 points)...

      at Console.log (node_modules/winston/lib/winston/transports/console.js:79:23)

    console.log
      2026-10-02T13:54:49.037Z - info autolevel Z compensation applied successfully

      at Console.log (node_modules/winston/lib/winston/transports/console.js:79:23)

    console.log
      2026-10-02T13:54:49.038Z - error controller:Smoothie Unknown command: nonexistent

      at Console.log (node_modules/winston/lib/winston/transports/console.js:79:23)

    console.log
      2026-10-02T13:54:49.038Z - error controller:Smoothie Unable to write data to the connection: type=undefined, options=undefined

      at Console.log (node_modules/winston/lib/winston/transports/console.js:79:23)

    console.log
      2026-10-02T13:54:49.038Z - error controller:Smoothie Unable to write data to the connection: type=undefined, options=undefined

      at Console.log (node_modules/winston/lib/winston/transports/console.js:79:23)

    console.log
      2026-10-02T13:54:49.039Z - error controller:Smoothie Unable to write data to the connection: type=undefined, options=undefined

      at Console.log (node_modules/winston/lib/winston/transports/console.js:79:23)

    console.log
      2026-10-02T13:54:49.039Z - error controller:Smoothie Unable to write data to the connection: type=undefined, options=undefined

      at Console.log (node_modules/winston/lib/winston/transports/console.js:79:23)

    console.log
      2026-10-02T13:54:49.040Z - warn controller:Smoothie Warning: The "gcode:load" command is deprecated and will be removed in a future release.

      at Console.log (node_modules/winston/lib/winston/transports/console.js:79:23)

PASS __tests__/prettier-plugin-keep-inline.test.js
PASS src/server/controllers/Marlin/__tests__/MarlinController.test.js
PASS src/server/lib/__tests__/autolevel.test.js
  ● Console

    console.log
      2026-10-02T13:54:49.243Z - error autolevel Not enough probed positions for compensation (need at least 3)

      at Console.log (node_modules/winston/lib/winston/transports/console.js:79:23)

    console.log
      2026-10-02T13:54:49.244Z - error autolevel Not enough probed positions for compensation (need at least 3)

      at Console.log (node_modules/winston/lib/winston/transports/console.js:79:23)

    console.log
      2026-10-02T13:54:49.244Z - info autolevel Applying Z compensation (auto-detected grid: 10.00mm × 10.00mm, 3 points)...

      at Console.log (node_modules/winston/lib/winston/transports/console.js:79:23)

    console.log
      2026-10-02T13:54:49.245Z - info autolevel Z compensation applied successfully

      at Console.log (node_modules/winston/lib/winston/transports/console.js:79:23)

    console.log
      2026-10-02T13:54:49.245Z - info autolevel Applying Z compensation (auto-detected grid: 10.00mm × 10.00mm, 4 points)...

      at Console.log (node_modules/winston/lib/winston/transports/console.js:79:23)

    console.log
      2026-10-02T13:54:49.246Z - info autolevel Z compensation applied successfully

      at Console.log (node_modules/winston/lib/winston/transports/console.js:79:23)

    console.log
      2026-10-02T13:54:49.246Z - info autolevel Applying Z compensation (auto-detected grid: 10.00mm × 10.00mm, 4 points)...

      at Console.log (node_modules/winston/lib/winston/transports/console.js:79:23)

    console.log
      2026-10-02T13:54:49.246Z - info autolevel Z compensation applied successfully

      at Console.log (node_modules/winston/lib/winston/transports/console.js:79:23)

    console.log
      2026-10-02T13:54:49.247Z - info autolevel Applying Z compensation (auto-detected grid: 10.00mm × 10.00mm, 4 points)...

      at Console.log (node_modules/winston/lib/winston/transports/console.js:79:23)

    console.log
      2026-10-02T13:54:49.247Z - info autolevel Z compensation applied successfully

      at Console.log (node_modules/winston/lib/winston/transports/console.js:79:23)

    console.log
      2026-10-02T13:54:49.247Z - info autolevel Applying Z compensation (auto-detected grid: 10.00mm × 10.00mm, 4 points)...

      at Console.log (node_modules/winston/lib/winston/transports/console.js:79:23)

    console.log
      2026-10-02T13:54:49.248Z - info autolevel Z compensation applied successfully

      at Console.log (node_modules/winston/lib/winston/transports/console.js:79:23)

    console.log
      2026-10-02T13:54:49.248Z - info autolevel Applying Z compensation (auto-detected grid: 10.00mm × 10.00mm, 12 points)...

      at Console.log (node_modules/winston/lib/winston/transports/console.js:79:23)

    console.log
      2026-10-02T13:54:49.249Z - info autolevel Z compensation applied successfully

      at Console.log (node_modules/winston/lib/winston/transports/console.js:79:23)

    console.log
      2026-10-02T13:54:49.249Z - info autolevel Applying Z compensation (auto-detected grid: 10.00mm × 10.00mm, 4 points)...

      at Console.log (node_modules/winston/lib/winston/transports/console.js:79:23)

    console.log
      2026-10-02T13:54:49.249Z - info autolevel Z compensation applied successfully

      at Console.log (node_modules/winston/lib/winston/transports/console.js:79:23)

    console.log
      2026-10-02T13:54:49.250Z - info autolevel Applying Z compensation (auto-detected grid: 10.00mm × 20.00mm, 4 points)...

      at Console.log (node_modules/winston/lib/winston/transports/console.js:79:23)

    console.log
      2026-10-02T13:54:49.250Z - info autolevel Z compensation applied successfully

      at Console.log (node_modules/winston/lib/winston/transports/console.js:79:23)

    console.log
      2026-10-02T13:54:49.251Z - info autolevel Applying Z compensation (auto-detected grid: 10.00mm × 10.00mm, 4 points)...

      at Console.log (node_modules/winston/lib/winston/transports/console.js:79:23)

    console.log
      2026-10-02T13:54:49.251Z - info autolevel Z compensation applied successfully

      at Console.log (node_modules/winston/lib/winston/transports/console.js:79:23)

    console.log
      2026-10-02T13:54:49.251Z - info autolevel Applying Z compensation (auto-detected grid: 10.00mm × 10.00mm, 4 points)...

      at Console.log (node_modules/winston/lib/winston/transports/console.js:79:23)

    console.log
      2026-10-02T13:54:49.252Z - info autolevel Z compensation applied successfully

      at Console.log (node_modules/winston/lib/winston/transports/console.js:79:23)

    console.log
      2026-10-02T13:54:49.252Z - info autolevel Applying Z compensation (auto-detected grid: 20.00mm × 20.00mm, 4 points)...

      at Console.log (node_modules/winston/lib/winston/transports/console.js:79:23)

    console.log
      2026-10-02T13:54:49.252Z - info autolevel Z compensation applied successfully

      at Console.log (node_modules/winston/lib/winston/transports/console.js:79:23)

    console.log
      2026-10-02T13:54:49.253Z - info autolevel Applying Z compensation (auto-detected grid: 10.00mm × 10.00mm, 4 points)...

      at Console.log (node_modules/winston/lib/winston/transports/console.js:79:23)

    console.log
      2026-10-02T13:54:49.253Z - info autolevel Z compensation applied successfully

      at Console.log (node_modules/winston/lib/winston/transports/console.js:79:23)

    console.log
      2026-10-02T13:54:49.254Z - info autolevel Applying Z compensation (auto-detected grid: 10.00mm × 10.00mm, 9 points)...

      at Console.log (node_modules/winston/lib/winston/transports/console.js:79:23)

    console.log
      2026-10-02T13:54:49.254Z - info autolevel Z compensation applied successfully

      at Console.log (node_modules/winston/lib/winston/transports/console.js:79:23)

    console.log
      2026-10-02T13:54:49.254Z - info autolevel Applying Z compensation (auto-detected grid: 10.00mm × 10.00mm, 6 points)...

      at Console.log (node_modules/winston/lib/winston/transports/console.js:79:23)

    console.log
      2026-10-02T13:54:49.257Z - info autolevel Z compensation applied successfully

      at Console.log (node_modules/winston/lib/winston/transports/console.js:79:23)

    console.log
      2026-10-02T13:54:49.257Z - info autolevel Applying Z compensation (auto-detected grid: 10.00mm × 10.00mm, 6 points)...

      at Console.log (node_modules/winston/lib/winston/transports/console.js:79:23)

    console.log
      2026-10-02T13:54:49.257Z - info autolevel Z compensation applied successfully

      at Console.log (node_modules/winston/lib/winston/transports/console.js:79:23)

    console.log
      2026-10-02T13:54:49.258Z - info autolevel Applying Z compensation (auto-detected grid: 3.00mm × 2.00mm, 3 points)...

      at Console.log (node_modules/winston/lib/winston/transports/console.js:79:23)

    console.log
      2026-10-02T13:54:49.258Z - info autolevel Z compensation applied successfully

      at Console.log (node_modules/winston/lib/winston/transports/console.js:79:23)

    console.log
      2026-10-02T13:54:49.259Z - info autolevel Applying Z compensation (auto-detected grid: 10.00mm × 10.00mm, 9 points)...

      at Console.log (node_modules/winston/lib/winston/transports/console.js:79:23)

    console.log
      2026-10-02T13:54:49.259Z - info autolevel Z compensation applied successfully

      at Console.log (node_modules/winston/lib/winston/transports/console.js:79:23)

    console.log
      2026-10-02T13:54:49.259Z - info autolevel Applying Z compensation (auto-detected grid: 10.00mm × 0.00mm, 9 points)...

      at Console.log (node_modules/winston/lib/winston/transports/console.js:79:23)

    console.log
      2026-10-02T13:54:49.286Z - info autolevel Z compensation applied successfully

      at Console.log (node_modules/winston/lib/winston/transports/console.js:79:23)

    console.log
      2026-10-02T13:54:49.289Z - info autolevel Applying Z compensation (auto-detected grid: 10.00mm × 10.00mm, 9 points)...

      at Console.log (node_modules/winston/lib/winston/transports/console.js:79:23)

    console.log
      2026-10-02T13:54:49.289Z - info autolevel Z compensation applied successfully

      at Console.log (node_modules/winston/lib/winston/transports/console.js:79:23)

    console.log
      2026-10-02T13:54:49.289Z - info autolevel Applying Z compensation (auto-detected grid: 10.00mm × 0.00mm, 9 points)...

      at Console.log (node_modules/winston/lib/winston/transports/console.js:79:23)

    console.log
      2026-10-02T13:54:49.290Z - info autolevel Z compensation applied successfully

      at Console.log (node_modules/winston/lib/winston/transports/console.js:79:23)

PASS grbl-simulator/__tests__/grbl-simulator.test.js
PASS src/server/controllers/Grbl/__tests__/GrblRunner.test.js
PASS src/server/lib/__tests__/webappengine.test.js
PASS src/server/lib/__tests__/evaluate-assignment-expression.test.js
  ● Console

    console.log
      2026-10-02T13:54:49.417Z - error evaluate-assignment-expression src="Not a valid expression", vars={}

      at Console.log (node_modules/winston/lib/winston/transports/console.js:79:23)

    console.log
      2026-10-02T13:54:49.417Z - error evaluate-assignment-expression Error { index: 4, lineNumber: 1, description: 'Unexpected identifier' }

      at Console.log (node_modules/winston/lib/winston/transports/console.js:79:23)

PASS src/server/services/__tests__/DirectoryWatcherService.test.js
PASS src/server/lib/__tests__/translate-expression.test.js
  ● Console

    console.log
      2026-10-02T13:54:49.459Z - error evaluate-expression Error {
        index: 1,
        lineNumber: 1,
        description: 'Unexpected end of input'
      }

      at Console.log (node_modules/winston/lib/winston/transports/console.js:79:23)
          at String.replace (<anonymous>)

PASS src/server/controllers/Smoothie/__tests__/SmoothieRunner.test.js
PASS src/server/lib/__tests__/evaluate-expression.test.js
PASS src/server/controllers/Marlin/__tests__/MarlinRunner.test.js
PASS src/server/controllers/TinyG/__tests__/TinyGRunner.test.js
PASS src/server/lib/__tests__/Sender.test.js
PASS src/server/controllers/utils/__tests__/gcode.test.js

Test Suites: 22 passed, 22 total
Tests:       641 passed, 641 total
Snapshots:   0 total
Time:        7.958 s, estimated 10 s
Ran all test suites.

Jest has detected the following 112 open handles potentially keeping Jest from exiting:

  ●  Timeout

      344 |      */
      345 |     startPlannerExecutor() {
    > 346 |         setInterval(() => {
          |         ^
      347 |             this.executePlannerQueue();
      348 |         }, 10); // Check every 10ms
      349 |     }

      at GrblSimulator.setInterval [as startPlannerExecutor] (grbl-simulator/grbl-simulator.js:346:9)
      at new startPlannerExecutor (grbl-simulator/grbl-simulator.js:211:14)
      at Object.<anonymous> (grbl-simulator/__tests__/grbl-simulator.test.js:10:21)


  ●  Timeout

      344 |      */
      345 |     startPlannerExecutor() {
    > 346 |         setInterval(() => {
          |         ^
      347 |             this.executePlannerQueue();
      348 |         }, 10); // Check every 10ms
      349 |     }

      at GrblSimulator.setInterval [as startPlannerExecutor] (grbl-simulator/grbl-simulator.js:346:9)
      at new startPlannerExecutor (grbl-simulator/grbl-simulator.js:211:14)
      at Object.<anonymous> (grbl-simulator/__tests__/grbl-simulator.test.js:16:21)


  ●  Timeout

      344 |      */
      345 |     startPlannerExecutor() {
    > 346 |         setInterval(() => {
          |         ^
      347 |             this.executePlannerQueue();
      348 |         }, 10); // Check every 10ms
      349 |     }

      at GrblSimulator.setInterval [as startPlannerExecutor] (grbl-simulator/grbl-simulator.js:346:9)
      at new startPlannerExecutor (grbl-simulator/grbl-simulator.js:211:14)
      at Object.<anonymous> (grbl-simulator/__tests__/grbl-simulator.test.js:23:21)


  ●  Timeout

      344 |      */
      345 |     startPlannerExecutor() {
    > 346 |         setInterval(() => {
          |         ^
      347 |             this.executePlannerQueue();
      348 |         }, 10); // Check every 10ms
      349 |     }

      at GrblSimulator.setInterval [as startPlannerExecutor] (grbl-simulator/grbl-simulator.js:346:9)
      at new startPlannerExecutor (grbl-simulator/grbl-simulator.js:211:14)
      at Object.<anonymous> (grbl-simulator/__tests__/grbl-simulator.test.js:32:21)


  ●  Timeout

      344 |      */
      345 |     startPlannerExecutor() {
    > 346 |         setInterval(() => {
          |         ^
      347 |             this.executePlannerQueue();
      348 |         }, 10); // Check every 10ms
      349 |     }

      at GrblSimulator.setInterval [as startPlannerExecutor] (grbl-simulator/grbl-simulator.js:346:9)
      at new startPlannerExecutor (grbl-simulator/grbl-simulator.js:211:14)
      at Object.<anonymous> (grbl-simulator/__tests__/grbl-simulator.test.js:39:21)


  ●  Timeout

      344 |      */
      345 |     startPlannerExecutor() {
    > 346 |         setInterval(() => {
          |         ^
      347 |             this.executePlannerQueue();
      348 |         }, 10); // Check every 10ms
      349 |     }

      at GrblSimulator.setInterval [as startPlannerExecutor] (grbl-simulator/grbl-simulator.js:346:9)
      at new startPlannerExecutor (grbl-simulator/grbl-simulator.js:211:14)
      at Object.<anonymous> (grbl-simulator/__tests__/grbl-simulator.test.js:47:21)


  ●  Timeout

      344 |      */
      345 |     startPlannerExecutor() {
    > 346 |         setInterval(() => {
          |         ^
      347 |             this.executePlannerQueue();
      348 |         }, 10); // Check every 10ms
      349 |     }

      at GrblSimulator.setInterval [as startPlannerExecutor] (grbl-simulator/grbl-simulator.js:346:9)
      at new startPlannerExecutor (grbl-simulator/grbl-simulator.js:211:14)
      at Object.<anonymous> (grbl-simulator/__tests__/grbl-simulator.test.js:55:21)


  ●  Timeout

      344 |      */
      345 |     startPlannerExecutor() {
    > 346 |         setInterval(() => {
          |         ^
      347 |             this.executePlannerQueue();
      348 |         }, 10); // Check every 10ms
      349 |     }

      at GrblSimulator.setInterval [as startPlannerExecutor] (grbl-simulator/grbl-simulator.js:346:9)
      at new startPlannerExecutor (grbl-simulator/grbl-simulator.js:211:14)
      at Object.<anonymous> (grbl-simulator/__tests__/grbl-simulator.test.js:62:21)


  ●  Timeout

      344 |      */
      345 |     startPlannerExecutor() {
    > 346 |         setInterval(() => {
          |         ^
      347 |             this.executePlannerQueue();
      348 |         }, 10); // Check every 10ms
      349 |     }

      at GrblSimulator.setInterval [as startPlannerExecutor] (grbl-simulator/grbl-simulator.js:346:9)
      at new startPlannerExecutor (grbl-simulator/grbl-simulator.js:211:14)
      at Object.<anonymous> (grbl-simulator/__tests__/grbl-simulator.test.js:69:21)


  ●  Timeout

      344 |      */
      345 |     startPlannerExecutor() {
    > 346 |         setInterval(() => {
          |         ^
      347 |             this.executePlannerQueue();
      348 |         }, 10); // Check every 10ms
      349 |     }

      at GrblSimulator.setInterval [as startPlannerExecutor] (grbl-simulator/grbl-simulator.js:346:9)
      at new startPlannerExecutor (grbl-simulator/grbl-simulator.js:211:14)
      at Object.<anonymous> (grbl-simulator/__tests__/grbl-simulator.test.js:80:21)


  ●  Timeout

      344 |      */
      345 |     startPlannerExecutor() {
    > 346 |         setInterval(() => {
          |         ^
      347 |             this.executePlannerQueue();
      348 |         }, 10); // Check every 10ms
      349 |     }

      at GrblSimulator.setInterval [as startPlannerExecutor] (grbl-simulator/grbl-simulator.js:346:9)
      at new startPlannerExecutor (grbl-simulator/grbl-simulator.js:211:14)
      at Object.<anonymous> (grbl-simulator/__tests__/grbl-simulator.test.js:88:21)


  ●  Timeout

      344 |      */
      345 |     startPlannerExecutor() {
    > 346 |         setInterval(() => {
          |         ^
      347 |             this.executePlannerQueue();
      348 |         }, 10); // Check every 10ms
      349 |     }

      at GrblSimulator.setInterval [as startPlannerExecutor] (grbl-simulator/grbl-simulator.js:346:9)
      at new startPlannerExecutor (grbl-simulator/grbl-simulator.js:211:14)
      at Object.<anonymous> (grbl-simulator/__tests__/grbl-simulator.test.js:97:21)


  ●  Timeout

      344 |      */
      345 |     startPlannerExecutor() {
    > 346 |         setInterval(() => {
          |         ^
      347 |             this.executePlannerQueue();
      348 |         }, 10); // Check every 10ms
      349 |     }

      at GrblSimulator.setInterval [as startPlannerExecutor] (grbl-simulator/grbl-simulator.js:346:9)
      at new startPlannerExecutor (grbl-simulator/grbl-simulator.js:211:14)
      at Object.<anonymous> (grbl-simulator/__tests__/grbl-simulator.test.js:105:21)


  ●  Timeout

      344 |      */
      345 |     startPlannerExecutor() {
    > 346 |         setInterval(() => {
          |         ^
      347 |             this.executePlannerQueue();
      348 |         }, 10); // Check every 10ms
      349 |     }

      at GrblSimulator.setInterval [as startPlannerExecutor] (grbl-simulator/grbl-simulator.js:346:9)
      at new startPlannerExecutor (grbl-simulator/grbl-simulator.js:211:14)
      at Object.<anonymous> (grbl-simulator/__tests__/grbl-simulator.test.js:114:21)


  ●  Timeout

      344 |      */
      345 |     startPlannerExecutor() {
    > 346 |         setInterval(() => {
          |         ^
      347 |             this.executePlannerQueue();
      348 |         }, 10); // Check every 10ms
      349 |     }

      at GrblSimulator.setInterval [as startPlannerExecutor] (grbl-simulator/grbl-simulator.js:346:9)
      at new startPlannerExecutor (grbl-simulator/grbl-simulator.js:211:14)
      at Object.<anonymous> (grbl-simulator/__tests__/grbl-simulator.test.js:122:21)


  ●  Timeout

      344 |      */
      345 |     startPlannerExecutor() {
    > 346 |         setInterval(() => {
          |         ^
      347 |             this.executePlannerQueue();
      348 |         }, 10); // Check every 10ms
      349 |     }

      at GrblSimulator.setInterval [as startPlannerExecutor] (grbl-simulator/grbl-simulator.js:346:9)
      at new startPlannerExecutor (grbl-simulator/grbl-simulator.js:211:14)
      at Object.<anonymous> (grbl-simulator/__tests__/grbl-simulator.test.js:129:21)


  ●  Timeout

      344 |      */
      345 |     startPlannerExecutor() {
    > 346 |         setInterval(() => {
          |         ^
      347 |             this.executePlannerQueue();
      348 |         }, 10); // Check every 10ms
      349 |     }

      at GrblSimulator.setInterval [as startPlannerExecutor] (grbl-simulator/grbl-simulator.js:346:9)
      at new startPlannerExecutor (grbl-simulator/grbl-simulator.js:211:14)
      at Object.<anonymous> (grbl-simulator/__tests__/grbl-simulator.test.js:142:21)


  ●  Timeout

      344 |      */
      345 |     startPlannerExecutor() {
    > 346 |         setInterval(() => {
          |         ^
      347 |             this.executePlannerQueue();
      348 |         }, 10); // Check every 10ms
      349 |     }

      at GrblSimulator.setInterval [as startPlannerExecutor] (grbl-simulator/grbl-simulator.js:346:9)
      at new startPlannerExecutor (grbl-simulator/grbl-simulator.js:211:14)
      at Object.<anonymous> (grbl-simulator/__tests__/grbl-simulator.test.js:153:21)


  ●  Timeout

      344 |      */
      345 |     startPlannerExecutor() {
    > 346 |         setInterval(() => {
          |         ^
      347 |             this.executePlannerQueue();
      348 |         }, 10); // Check every 10ms
      349 |     }

      at GrblSimulator.setInterval [as startPlannerExecutor] (grbl-simulator/grbl-simulator.js:346:9)
      at new startPlannerExecutor (grbl-simulator/grbl-simulator.js:211:14)
      at Object.<anonymous> (grbl-simulator/__tests__/grbl-simulator.test.js:162:21)


  ●  Timeout

      344 |      */
      345 |     startPlannerExecutor() {
    > 346 |         setInterval(() => {
          |         ^
      347 |             this.executePlannerQueue();
      348 |         }, 10); // Check every 10ms
      349 |     }

      at GrblSimulator.setInterval [as startPlannerExecutor] (grbl-simulator/grbl-simulator.js:346:9)
      at new startPlannerExecutor (grbl-simulator/grbl-simulator.js:211:14)
      at Object.<anonymous> (grbl-simulator/__tests__/grbl-simulator.test.js:173:21)


  ●  Timeout

      344 |      */
      345 |     startPlannerExecutor() {
    > 346 |         setInterval(() => {
          |         ^
      347 |             this.executePlannerQueue();
      348 |         }, 10); // Check every 10ms
      349 |     }

      at GrblSimulator.setInterval [as startPlannerExecutor] (grbl-simulator/grbl-simulator.js:346:9)
      at new startPlannerExecutor (grbl-simulator/grbl-simulator.js:211:14)
      at Object.<anonymous> (grbl-simulator/__tests__/grbl-simulator.test.js:179:21)


  ●  Timeout

      344 |      */
      345 |     startPlannerExecutor() {
    > 346 |         setInterval(() => {
          |         ^
      347 |             this.executePlannerQueue();
      348 |         }, 10); // Check every 10ms
      349 |     }

      at GrblSimulator.setInterval [as startPlannerExecutor] (grbl-simulator/grbl-simulator.js:346:9)
      at new startPlannerExecutor (grbl-simulator/grbl-simulator.js:211:14)
      at Object.<anonymous> (grbl-simulator/__tests__/grbl-simulator.test.js:186:21)


  ●  Timeout

      344 |      */
      345 |     startPlannerExecutor() {
    > 346 |         setInterval(() => {
          |         ^
      347 |             this.executePlannerQueue();
      348 |         }, 10); // Check every 10ms
      349 |     }

      at GrblSimulator.setInterval [as startPlannerExecutor] (grbl-simulator/grbl-simulator.js:346:9)
      at new startPlannerExecutor (grbl-simulator/grbl-simulator.js:211:14)
      at Object.<anonymous> (grbl-simulator/__tests__/grbl-simulator.test.js:195:21)


  ●  Timeout

      344 |      */
      345 |     startPlannerExecutor() {
    > 346 |         setInterval(() => {
          |         ^
      347 |             this.executePlannerQueue();
      348 |         }, 10); // Check every 10ms
      349 |     }

      at GrblSimulator.setInterval [as startPlannerExecutor] (grbl-simulator/grbl-simulator.js:346:9)
      at new startPlannerExecutor (grbl-simulator/grbl-simulator.js:211:14)
      at Object.<anonymous> (grbl-simulator/__tests__/grbl-simulator.test.js:204:21)


  ●  Timeout

      344 |      */
      345 |     startPlannerExecutor() {
    > 346 |         setInterval(() => {
          |         ^
      347 |             this.executePlannerQueue();
      348 |         }, 10); // Check every 10ms
      349 |     }

      at GrblSimulator.setInterval [as startPlannerExecutor] (grbl-simulator/grbl-simulator.js:346:9)
      at new startPlannerExecutor (grbl-simulator/grbl-simulator.js:211:14)
      at Object.<anonymous> (grbl-simulator/__tests__/grbl-simulator.test.js:215:21)


  ●  Timeout

      344 |      */
      345 |     startPlannerExecutor() {
    > 346 |         setInterval(() => {
          |         ^
      347 |             this.executePlannerQueue();
      348 |         }, 10); // Check every 10ms
      349 |     }

      at GrblSimulator.setInterval [as startPlannerExecutor] (grbl-simulator/grbl-simulator.js:346:9)
      at new startPlannerExecutor (grbl-simulator/grbl-simulator.js:211:14)
      at Object.<anonymous> (grbl-simulator/__tests__/grbl-simulator.test.js:223:21)


  ●  Timeout

      344 |      */
      345 |     startPlannerExecutor() {
    > 346 |         setInterval(() => {
          |         ^
      347 |             this.executePlannerQueue();
      348 |         }, 10); // Check every 10ms
      349 |     }

      at GrblSimulator.setInterval [as startPlannerExecutor] (grbl-simulator/grbl-simulator.js:346:9)
      at new startPlannerExecutor (grbl-simulator/grbl-simulator.js:211:14)
      at Object.<anonymous> (grbl-simulator/__tests__/grbl-simulator.test.js:234:21)


  ●  Timeout

      344 |      */
      345 |     startPlannerExecutor() {
    > 346 |         setInterval(() => {
          |         ^
      347 |             this.executePlannerQueue();
      348 |         }, 10); // Check every 10ms
      349 |     }

      at GrblSimulator.setInterval [as startPlannerExecutor] (grbl-simulator/grbl-simulator.js:346:9)
      at new startPlannerExecutor (grbl-simulator/grbl-simulator.js:211:14)
      at Object.<anonymous> (grbl-simulator/__tests__/grbl-simulator.test.js:245:21)


  ●  Timeout

      344 |      */
      345 |     startPlannerExecutor() {
    > 346 |         setInterval(() => {
          |         ^
      347 |             this.executePlannerQueue();
      348 |         }, 10); // Check every 10ms
      349 |     }

      at GrblSimulator.setInterval [as startPlannerExecutor] (grbl-simulator/grbl-simulator.js:346:9)
      at new startPlannerExecutor (grbl-simulator/grbl-simulator.js:211:14)
      at Object.<anonymous> (grbl-simulator/__tests__/grbl-simulator.test.js:256:21)


  ●  Timeout

      344 |      */
      345 |     startPlannerExecutor() {
    > 346 |         setInterval(() => {
          |         ^
      347 |             this.executePlannerQueue();
      348 |         }, 10); // Check every 10ms
      349 |     }

      at GrblSimulator.setInterval [as startPlannerExecutor] (grbl-simulator/grbl-simulator.js:346:9)
      at new startPlannerExecutor (grbl-simulator/grbl-simulator.js:211:14)
      at Object.<anonymous> (grbl-simulator/__tests__/grbl-simulator.test.js:265:21)


  ●  Timeout

      344 |      */
      345 |     startPlannerExecutor() {
    > 346 |         setInterval(() => {
          |         ^
      347 |             this.executePlannerQueue();
      348 |         }, 10); // Check every 10ms
      349 |     }

      at GrblSimulator.setInterval [as startPlannerExecutor] (grbl-simulator/grbl-simulator.js:346:9)
      at new startPlannerExecutor (grbl-simulator/grbl-simulator.js:211:14)
      at Object.<anonymous> (grbl-simulator/__tests__/grbl-simulator.test.js:277:21)


  ●  Timeout

      344 |      */
      345 |     startPlannerExecutor() {
    > 346 |         setInterval(() => {
          |         ^
      347 |             this.executePlannerQueue();
      348 |         }, 10); // Check every 10ms
      349 |     }

      at GrblSimulator.setInterval [as startPlannerExecutor] (grbl-simulator/grbl-simulator.js:346:9)
      at new startPlannerExecutor (grbl-simulator/grbl-simulator.js:211:14)
      at Object.<anonymous> (grbl-simulator/__tests__/grbl-simulator.test.js:288:21)


  ●  Timeout

      344 |      */
      345 |     startPlannerExecutor() {
    > 346 |         setInterval(() => {
          |         ^
      347 |             this.executePlannerQueue();
      348 |         }, 10); // Check every 10ms
      349 |     }

      at GrblSimulator.setInterval [as startPlannerExecutor] (grbl-simulator/grbl-simulator.js:346:9)
      at new startPlannerExecutor (grbl-simulator/grbl-simulator.js:211:14)
      at Object.<anonymous> (grbl-simulator/__tests__/grbl-simulator.test.js:298:21)


  ●  Timeout

      344 |      */
      345 |     startPlannerExecutor() {
    > 346 |         setInterval(() => {
          |         ^
      347 |             this.executePlannerQueue();
      348 |         }, 10); // Check every 10ms
      349 |     }

      at GrblSimulator.setInterval [as startPlannerExecutor] (grbl-simulator/grbl-simulator.js:346:9)
      at new startPlannerExecutor (grbl-simulator/grbl-simulator.js:211:14)
      at Object.<anonymous> (grbl-simulator/__tests__/grbl-simulator.test.js:308:21)


  ●  Timeout

      344 |      */
      345 |     startPlannerExecutor() {
    > 346 |         setInterval(() => {
          |         ^
      347 |             this.executePlannerQueue();
      348 |         }, 10); // Check every 10ms
      349 |     }

      at GrblSimulator.setInterval [as startPlannerExecutor] (grbl-simulator/grbl-simulator.js:346:9)
      at new startPlannerExecutor (grbl-simulator/grbl-simulator.js:211:14)
      at Object.<anonymous> (grbl-simulator/__tests__/grbl-simulator.test.js:319:21)


  ●  Timeout

      344 |      */
      345 |     startPlannerExecutor() {
    > 346 |         setInterval(() => {
          |         ^
      347 |             this.executePlannerQueue();
      348 |         }, 10); // Check every 10ms
      349 |     }

      at GrblSimulator.setInterval [as startPlannerExecutor] (grbl-simulator/grbl-simulator.js:346:9)
      at new startPlannerExecutor (grbl-simulator/grbl-simulator.js:211:14)
      at Object.<anonymous> (grbl-simulator/__tests__/grbl-simulator.test.js:330:21)


  ●  Timeout

      344 |      */
      345 |     startPlannerExecutor() {
    > 346 |         setInterval(() => {
          |         ^
      347 |             this.executePlannerQueue();
      348 |         }, 10); // Check every 10ms
      349 |     }

      at GrblSimulator.setInterval [as startPlannerExecutor] (grbl-simulator/grbl-simulator.js:346:9)
      at new startPlannerExecutor (grbl-simulator/grbl-simulator.js:211:14)
      at Object.<anonymous> (grbl-simulator/__tests__/grbl-simulator.test.js:341:21)


  ●  Timeout

      344 |      */
      345 |     startPlannerExecutor() {
    > 346 |         setInterval(() => {
          |         ^
      347 |             this.executePlannerQueue();
      348 |         }, 10); // Check every 10ms
      349 |     }

      at GrblSimulator.setInterval [as startPlannerExecutor] (grbl-simulator/grbl-simulator.js:346:9)
      at new startPlannerExecutor (grbl-simulator/grbl-simulator.js:211:14)
      at Object.<anonymous> (grbl-simulator/__tests__/grbl-simulator.test.js:353:21)


  ●  Timeout

      344 |      */
      345 |     startPlannerExecutor() {
    > 346 |         setInterval(() => {
          |         ^
      347 |             this.executePlannerQueue();
      348 |         }, 10); // Check every 10ms
      349 |     }

      at GrblSimulator.setInterval [as startPlannerExecutor] (grbl-simulator/grbl-simulator.js:346:9)
      at new startPlannerExecutor (grbl-simulator/grbl-simulator.js:211:14)
      at Object.<anonymous> (grbl-simulator/__tests__/grbl-simulator.test.js:367:21)


  ●  Timeout

      344 |      */
      345 |     startPlannerExecutor() {
    > 346 |         setInterval(() => {
          |         ^
      347 |             this.executePlannerQueue();
      348 |         }, 10); // Check every 10ms
      349 |     }

      at GrblSimulator.setInterval [as startPlannerExecutor] (grbl-simulator/grbl-simulator.js:346:9)
      at new startPlannerExecutor (grbl-simulator/grbl-simulator.js:211:14)
      at Object.<anonymous> (grbl-simulator/__tests__/grbl-simulator.test.js:380:21)


  ●  Timeout

      344 |      */
      345 |     startPlannerExecutor() {
    > 346 |         setInterval(() => {
          |         ^
      347 |             this.executePlannerQueue();
      348 |         }, 10); // Check every 10ms
      349 |     }

      at GrblSimulator.setInterval [as startPlannerExecutor] (grbl-simulator/grbl-simulator.js:346:9)
      at new startPlannerExecutor (grbl-simulator/grbl-simulator.js:211:14)
      at Object.<anonymous> (grbl-simulator/__tests__/grbl-simulator.test.js:390:21)


  ●  Timeout

      344 |      */
      345 |     startPlannerExecutor() {
    > 346 |         setInterval(() => {
          |         ^
      347 |             this.executePlannerQueue();
      348 |         }, 10); // Check every 10ms
      349 |     }

      at GrblSimulator.setInterval [as startPlannerExecutor] (grbl-simulator/grbl-simulator.js:346:9)
      at new startPlannerExecutor (grbl-simulator/grbl-simulator.js:211:14)
      at Object.<anonymous> (grbl-simulator/__tests__/grbl-simulator.test.js:402:21)


  ●  Timeout

      344 |      */
      345 |     startPlannerExecutor() {
    > 346 |         setInterval(() => {
          |         ^
      347 |             this.executePlannerQueue();
      348 |         }, 10); // Check every 10ms
      349 |     }

      at GrblSimulator.setInterval [as startPlannerExecutor] (grbl-simulator/grbl-simulator.js:346:9)
      at new startPlannerExecutor (grbl-simulator/grbl-simulator.js:211:14)
      at Object.<anonymous> (grbl-simulator/__tests__/grbl-simulator.test.js:410:21)


  ●  Timeout

      344 |      */
      345 |     startPlannerExecutor() {
    > 346 |         setInterval(() => {
          |         ^
      347 |             this.executePlannerQueue();
      348 |         }, 10); // Check every 10ms
      349 |     }

      at GrblSimulator.setInterval [as startPlannerExecutor] (grbl-simulator/grbl-simulator.js:346:9)
      at new startPlannerExecutor (grbl-simulator/grbl-simulator.js:211:14)
      at Object.<anonymous> (grbl-simulator/__tests__/grbl-simulator.test.js:420:21)


  ●  Timeout

      344 |      */
      345 |     startPlannerExecutor() {
    > 346 |         setInterval(() => {
          |         ^
      347 |             this.executePlannerQueue();
      348 |         }, 10); // Check every 10ms
      349 |     }

      at GrblSimulator.setInterval [as startPlannerExecutor] (grbl-simulator/grbl-simulator.js:346:9)
      at new startPlannerExecutor (grbl-simulator/grbl-simulator.js:211:14)
      at Object.<anonymous> (grbl-simulator/__tests__/grbl-simulator.test.js:428:21)


  ●  Timeout

      344 |      */
      345 |     startPlannerExecutor() {
    > 346 |         setInterval(() => {
          |         ^
      347 |             this.executePlannerQueue();
      348 |         }, 10); // Check every 10ms
      349 |     }

      at GrblSimulator.setInterval [as startPlannerExecutor] (grbl-simulator/grbl-simulator.js:346:9)
      at new startPlannerExecutor (grbl-simulator/grbl-simulator.js:211:14)
      at Object.<anonymous> (grbl-simulator/__tests__/grbl-simulator.test.js:435:21)


  ●  Timeout

      344 |      */
      345 |     startPlannerExecutor() {
    > 346 |         setInterval(() => {
          |         ^
      347 |             this.executePlannerQueue();
      348 |         }, 10); // Check every 10ms
      349 |     }

      at GrblSimulator.setInterval [as startPlannerExecutor] (grbl-simulator/grbl-simulator.js:346:9)
      at new startPlannerExecutor (grbl-simulator/grbl-simulator.js:211:14)
      at Object.<anonymous> (grbl-simulator/__tests__/grbl-simulator.test.js:445:21)


  ●  Timeout

      344 |      */
      345 |     startPlannerExecutor() {
    > 346 |         setInterval(() => {
          |         ^
      347 |             this.executePlannerQueue();
      348 |         }, 10); // Check every 10ms
      349 |     }

      at GrblSimulator.setInterval [as startPlannerExecutor] (grbl-simulator/grbl-simulator.js:346:9)
      at new startPlannerExecutor (grbl-simulator/grbl-simulator.js:211:14)
      at Object.<anonymous> (grbl-simulator/__tests__/grbl-simulator.test.js:453:21)


  ●  Timeout

      344 |      */
      345 |     startPlannerExecutor() {
    > 346 |         setInterval(() => {
          |         ^
      347 |             this.executePlannerQueue();
      348 |         }, 10); // Check every 10ms
      349 |     }

      at GrblSimulator.setInterval [as startPlannerExecutor] (grbl-simulator/grbl-simulator.js:346:9)
      at new startPlannerExecutor (grbl-simulator/grbl-simulator.js:211:14)
      at Object.<anonymous> (grbl-simulator/__tests__/grbl-simulator.test.js:460:21)


  ●  Timeout

      344 |      */
      345 |     startPlannerExecutor() {
    > 346 |         setInterval(() => {
          |         ^
      347 |             this.executePlannerQueue();
      348 |         }, 10); // Check every 10ms
      349 |     }

      at GrblSimulator.setInterval [as startPlannerExecutor] (grbl-simulator/grbl-simulator.js:346:9)
      at new startPlannerExecutor (grbl-simulator/grbl-simulator.js:211:14)
      at Object.<anonymous> (grbl-simulator/__tests__/grbl-simulator.test.js:467:21)


  ●  Timeout

      344 |      */
      345 |     startPlannerExecutor() {
    > 346 |         setInterval(() => {
          |         ^
      347 |             this.executePlannerQueue();
      348 |         }, 10); // Check every 10ms
      349 |     }

      at GrblSimulator.setInterval [as startPlannerExecutor] (grbl-simulator/grbl-simulator.js:346:9)
      at new startPlannerExecutor (grbl-simulator/grbl-simulator.js:211:14)
      at Object.<anonymous> (grbl-simulator/__tests__/grbl-simulator.test.js:475:21)


  ●  Timeout

      344 |      */
      345 |     startPlannerExecutor() {
    > 346 |         setInterval(() => {
          |         ^
      347 |             this.executePlannerQueue();
      348 |         }, 10); // Check every 10ms
      349 |     }

      at GrblSimulator.setInterval [as startPlannerExecutor] (grbl-simulator/grbl-simulator.js:346:9)
      at new startPlannerExecutor (grbl-simulator/grbl-simulator.js:211:14)
      at Object.<anonymous> (grbl-simulator/__tests__/grbl-simulator.test.js:487:21)


  ●  Timeout

      344 |      */
      345 |     startPlannerExecutor() {
    > 346 |         setInterval(() => {
          |         ^
      347 |             this.executePlannerQueue();
      348 |         }, 10); // Check every 10ms
      349 |     }

      at GrblSimulator.setInterval [as startPlannerExecutor] (grbl-simulator/grbl-simulator.js:346:9)
      at new startPlannerExecutor (grbl-simulator/grbl-simulator.js:211:14)
      at Object.<anonymous> (grbl-simulator/__tests__/grbl-simulator.test.js:493:21)


  ●  Timeout

      344 |      */
      345 |     startPlannerExecutor() {
    > 346 |         setInterval(() => {
          |         ^
      347 |             this.executePlannerQueue();
      348 |         }, 10); // Check every 10ms
      349 |     }

      at GrblSimulator.setInterval [as startPlannerExecutor] (grbl-simulator/grbl-simulator.js:346:9)
      at new startPlannerExecutor (grbl-simulator/grbl-simulator.js:211:14)
      at Object.<anonymous> (grbl-simulator/__tests__/grbl-simulator.test.js:503:21)


  ●  Timeout

      344 |      */
      345 |     startPlannerExecutor() {
    > 346 |         setInterval(() => {
          |         ^
      347 |             this.executePlannerQueue();
      348 |         }, 10); // Check every 10ms
      349 |     }

      at GrblSimulator.setInterval [as startPlannerExecutor] (grbl-simulator/grbl-simulator.js:346:9)
      at new startPlannerExecutor (grbl-simulator/grbl-simulator.js:211:14)
      at Object.<anonymous> (grbl-simulator/__tests__/grbl-simulator.test.js:512:21)


  ●  Timeout

      344 |      */
      345 |     startPlannerExecutor() {
    > 346 |         setInterval(() => {
          |         ^
      347 |             this.executePlannerQueue();
      348 |         }, 10); // Check every 10ms
      349 |     }

      at GrblSimulator.setInterval [as startPlannerExecutor] (grbl-simulator/grbl-simulator.js:346:9)
      at new startPlannerExecutor (grbl-simulator/grbl-simulator.js:211:14)
      at Object.<anonymous> (grbl-simulator/__tests__/grbl-simulator.test.js:519:21)


  ●  Timeout

      344 |      */
      345 |     startPlannerExecutor() {
    > 346 |         setInterval(() => {
          |         ^
      347 |             this.executePlannerQueue();
      348 |         }, 10); // Check every 10ms
      349 |     }

      at GrblSimulator.setInterval [as startPlannerExecutor] (grbl-simulator/grbl-simulator.js:346:9)
      at new startPlannerExecutor (grbl-simulator/grbl-simulator.js:211:14)
      at Object.<anonymous> (grbl-simulator/__tests__/grbl-simulator.test.js:527:21)


  ●  Timeout

      344 |      */
      345 |     startPlannerExecutor() {
    > 346 |         setInterval(() => {
          |         ^
      347 |             this.executePlannerQueue();
      348 |         }, 10); // Check every 10ms
      349 |     }

      at GrblSimulator.setInterval [as startPlannerExecutor] (grbl-simulator/grbl-simulator.js:346:9)
      at new startPlannerExecutor (grbl-simulator/grbl-simulator.js:211:14)
      at Object.<anonymous> (grbl-simulator/__tests__/grbl-simulator.test.js:537:21)


  ●  Timeout

      344 |      */
      345 |     startPlannerExecutor() {
    > 346 |         setInterval(() => {
          |         ^
      347 |             this.executePlannerQueue();
      348 |         }, 10); // Check every 10ms
      349 |     }

      at GrblSimulator.setInterval [as startPlannerExecutor] (grbl-simulator/grbl-simulator.js:346:9)
      at new startPlannerExecutor (grbl-simulator/grbl-simulator.js:211:14)
      at Object.<anonymous> (grbl-simulator/__tests__/grbl-simulator.test.js:559:21)


  ●  Timeout

      344 |      */
      345 |     startPlannerExecutor() {
    > 346 |         setInterval(() => {
          |         ^
      347 |             this.executePlannerQueue();
      348 |         }, 10); // Check every 10ms
      349 |     }

      at GrblSimulator.setInterval [as startPlannerExecutor] (grbl-simulator/grbl-simulator.js:346:9)
      at new startPlannerExecutor (grbl-simulator/grbl-simulator.js:211:14)
      at Object.<anonymous> (grbl-simulator/__tests__/grbl-simulator.test.js:580:21)


  ●  Timeout

      344 |      */
      345 |     startPlannerExecutor() {
    > 346 |         setInterval(() => {
          |         ^
      347 |             this.executePlannerQueue();
      348 |         }, 10); // Check every 10ms
      349 |     }

      at GrblSimulator.setInterval [as startPlannerExecutor] (grbl-simulator/grbl-simulator.js:346:9)
      at new startPlannerExecutor (grbl-simulator/grbl-simulator.js:211:14)
      at Object.<anonymous> (grbl-simulator/__tests__/grbl-simulator.test.js:602:21)


  ●  Timeout

      344 |      */
      345 |     startPlannerExecutor() {
    > 346 |         setInterval(() => {
          |         ^
      347 |             this.executePlannerQueue();
      348 |         }, 10); // Check every 10ms
      349 |     }

      at GrblSimulator.setInterval [as startPlannerExecutor] (grbl-simulator/grbl-simulator.js:346:9)
      at new startPlannerExecutor (grbl-simulator/grbl-simulator.js:211:14)
      at Object.<anonymous> (grbl-simulator/__tests__/grbl-simulator.test.js:624:21)


  ●  Timeout

      344 |      */
      345 |     startPlannerExecutor() {
    > 346 |         setInterval(() => {
          |         ^
      347 |             this.executePlannerQueue();
      348 |         }, 10); // Check every 10ms
      349 |     }

      at GrblSimulator.setInterval [as startPlannerExecutor] (grbl-simulator/grbl-simulator.js:346:9)
      at new startPlannerExecutor (grbl-simulator/grbl-simulator.js:211:14)
      at Object.<anonymous> (grbl-simulator/__tests__/grbl-simulator.test.js:640:21)


  ●  Timeout

      344 |      */
      345 |     startPlannerExecutor() {
    > 346 |         setInterval(() => {
          |         ^
      347 |             this.executePlannerQueue();
      348 |         }, 10); // Check every 10ms
      349 |     }

      at GrblSimulator.setInterval [as startPlannerExecutor] (grbl-simulator/grbl-simulator.js:346:9)
      at new startPlannerExecutor (grbl-simulator/grbl-simulator.js:211:14)
      at Object.<anonymous> (grbl-simulator/__tests__/grbl-simulator.test.js:655:21)


  ●  Timeout

      344 |      */
      345 |     startPlannerExecutor() {
    > 346 |         setInterval(() => {
          |         ^
      347 |             this.executePlannerQueue();
      348 |         }, 10); // Check every 10ms
      349 |     }

      at GrblSimulator.setInterval [as startPlannerExecutor] (grbl-simulator/grbl-simulator.js:346:9)
      at new startPlannerExecutor (grbl-simulator/grbl-simulator.js:211:14)
      at Object.<anonymous> (grbl-simulator/__tests__/grbl-simulator.test.js:670:21)


  ●  Timeout

      344 |      */
      345 |     startPlannerExecutor() {
    > 346 |         setInterval(() => {
          |         ^
      347 |             this.executePlannerQueue();
      348 |         }, 10); // Check every 10ms
      349 |     }

      at GrblSimulator.setInterval [as startPlannerExecutor] (grbl-simulator/grbl-simulator.js:346:9)
      at new startPlannerExecutor (grbl-simulator/grbl-simulator.js:211:14)
      at Object.<anonymous> (grbl-simulator/__tests__/grbl-simulator.test.js:694:21)


  ●  Timeout

      344 |      */
      345 |     startPlannerExecutor() {
    > 346 |         setInterval(() => {
          |         ^
      347 |             this.executePlannerQueue();
      348 |         }, 10); // Check every 10ms
      349 |     }

      at GrblSimulator.setInterval [as startPlannerExecutor] (grbl-simulator/grbl-simulator.js:346:9)
      at new startPlannerExecutor (grbl-simulator/grbl-simulator.js:211:14)
      at Object.<anonymous> (grbl-simulator/__tests__/grbl-simulator.test.js:706:21)


  ●  Timeout

      344 |      */
      345 |     startPlannerExecutor() {
    > 346 |         setInterval(() => {
          |         ^
      347 |             this.executePlannerQueue();
      348 |         }, 10); // Check every 10ms
      349 |     }

      at GrblSimulator.setInterval [as startPlannerExecutor] (grbl-simulator/grbl-simulator.js:346:9)
      at new startPlannerExecutor (grbl-simulator/grbl-simulator.js:211:14)
      at Object.<anonymous> (grbl-simulator/__tests__/grbl-simulator.test.js:721:21)


  ●  Timeout

      344 |      */
      345 |     startPlannerExecutor() {
    > 346 |         setInterval(() => {
          |         ^
      347 |             this.executePlannerQueue();
      348 |         }, 10); // Check every 10ms
      349 |     }

      at GrblSimulator.setInterval [as startPlannerExecutor] (grbl-simulator/grbl-simulator.js:346:9)
      at new startPlannerExecutor (grbl-simulator/grbl-simulator.js:211:14)
      at Object.<anonymous> (grbl-simulator/__tests__/grbl-simulator.test.js:731:21)


  ●  Timeout

      344 |      */
      345 |     startPlannerExecutor() {
    > 346 |         setInterval(() => {
          |         ^
      347 |             this.executePlannerQueue();
      348 |         }, 10); // Check every 10ms
      349 |     }

      at GrblSimulator.setInterval [as startPlannerExecutor] (grbl-simulator/grbl-simulator.js:346:9)
      at new startPlannerExecutor (grbl-simulator/grbl-simulator.js:211:14)
      at Object.<anonymous> (grbl-simulator/__tests__/grbl-simulator.test.js:741:21)


  ●  Timeout

      344 |      */
      345 |     startPlannerExecutor() {
    > 346 |         setInterval(() => {
          |         ^
      347 |             this.executePlannerQueue();
      348 |         }, 10); // Check every 10ms
      349 |     }

      at GrblSimulator.setInterval [as startPlannerExecutor] (grbl-simulator/grbl-simulator.js:346:9)
      at new startPlannerExecutor (grbl-simulator/grbl-simulator.js:211:14)
      at Object.<anonymous> (grbl-simulator/__tests__/grbl-simulator.test.js:753:21)


  ●  Timeout

      344 |      */
      345 |     startPlannerExecutor() {
    > 346 |         setInterval(() => {
          |         ^
      347 |             this.executePlannerQueue();
      348 |         }, 10); // Check every 10ms
      349 |     }

      at GrblSimulator.setInterval [as startPlannerExecutor] (grbl-simulator/grbl-simulator.js:346:9)
      at new startPlannerExecutor (grbl-simulator/grbl-simulator.js:211:14)
      at Object.<anonymous> (grbl-simulator/__tests__/grbl-simulator.test.js:767:21)


  ●  Timeout

      344 |      */
      345 |     startPlannerExecutor() {
    > 346 |         setInterval(() => {
          |         ^
      347 |             this.executePlannerQueue();
      348 |         }, 10); // Check every 10ms
      349 |     }

      at GrblSimulator.setInterval [as startPlannerExecutor] (grbl-simulator/grbl-simulator.js:346:9)
      at new startPlannerExecutor (grbl-simulator/grbl-simulator.js:211:14)
      at Object.<anonymous> (grbl-simulator/__tests__/grbl-simulator.test.js:782:21)


  ●  Timeout

      344 |      */
      345 |     startPlannerExecutor() {
    > 346 |         setInterval(() => {
          |         ^
      347 |             this.executePlannerQueue();
      348 |         }, 10); // Check every 10ms
      349 |     }

      at GrblSimulator.setInterval [as startPlannerExecutor] (grbl-simulator/grbl-simulator.js:346:9)
      at new startPlannerExecutor (grbl-simulator/grbl-simulator.js:211:14)
      at Object.<anonymous> (grbl-simulator/__tests__/grbl-simulator.test.js:790:21)


  ●  Timeout

      344 |      */
      345 |     startPlannerExecutor() {
    > 346 |         setInterval(() => {
          |         ^
      347 |             this.executePlannerQueue();
      348 |         }, 10); // Check every 10ms
      349 |     }

      at GrblSimulator.setInterval [as startPlannerExecutor] (grbl-simulator/grbl-simulator.js:346:9)
      at new startPlannerExecutor (grbl-simulator/grbl-simulator.js:211:14)
      at Object.<anonymous> (grbl-simulator/__tests__/grbl-simulator.test.js:798:21)


  ●  Timeout

      344 |      */
      345 |     startPlannerExecutor() {
    > 346 |         setInterval(() => {
          |         ^
      347 |             this.executePlannerQueue();
      348 |         }, 10); // Check every 10ms
      349 |     }

      at GrblSimulator.setInterval [as startPlannerExecutor] (grbl-simulator/grbl-simulator.js:346:9)
      at new startPlannerExecutor (grbl-simulator/grbl-simulator.js:211:14)
      at Object.<anonymous> (grbl-simulator/__tests__/grbl-simulator.test.js:812:21)


  ●  Timeout

      344 |      */
      345 |     startPlannerExecutor() {
    > 346 |         setInterval(() => {
          |         ^
      347 |             this.executePlannerQueue();
      348 |         }, 10); // Check every 10ms
      349 |     }

      at GrblSimulator.setInterval [as startPlannerExecutor] (grbl-simulator/grbl-simulator.js:346:9)
      at new startPlannerExecutor (grbl-simulator/grbl-simulator.js:211:14)
      at Object.<anonymous> (grbl-simulator/__tests__/grbl-simulator.test.js:823:21)


  ●  Timeout

      344 |      */
      345 |     startPlannerExecutor() {
    > 346 |         setInterval(() => {
          |         ^
      347 |             this.executePlannerQueue();
      348 |         }, 10); // Check every 10ms
      349 |     }

      at GrblSimulator.setInterval [as startPlannerExecutor] (grbl-simulator/grbl-simulator.js:346:9)
      at new startPlannerExecutor (grbl-simulator/grbl-simulator.js:211:14)
      at Object.<anonymous> (grbl-simulator/__tests__/grbl-simulator.test.js:831:21)


  ●  Timeout

      344 |      */
      345 |     startPlannerExecutor() {
    > 346 |         setInterval(() => {
          |         ^
      347 |             this.executePlannerQueue();
      348 |         }, 10); // Check every 10ms
      349 |     }

      at GrblSimulator.setInterval [as startPlannerExecutor] (grbl-simulator/grbl-simulator.js:346:9)
      at new startPlannerExecutor (grbl-simulator/grbl-simulator.js:211:14)
      at Object.<anonymous> (grbl-simulator/__tests__/grbl-simulator.test.js:841:21)


  ●  Timeout

      344 |      */
      345 |     startPlannerExecutor() {
    > 346 |         setInterval(() => {
          |         ^
      347 |             this.executePlannerQueue();
      348 |         }, 10); // Check every 10ms
      349 |     }

      at GrblSimulator.setInterval [as startPlannerExecutor] (grbl-simulator/grbl-simulator.js:346:9)
      at new startPlannerExecutor (grbl-simulator/grbl-simulator.js:211:14)
      at Object.<anonymous> (grbl-simulator/__tests__/grbl-simulator.test.js:853:21)


  ●  Timeout

      344 |      */
      345 |     startPlannerExecutor() {
    > 346 |         setInterval(() => {
          |         ^
      347 |             this.executePlannerQueue();
      348 |         }, 10); // Check every 10ms
      349 |     }

      at GrblSimulator.setInterval [as startPlannerExecutor] (grbl-simulator/grbl-simulator.js:346:9)
      at new startPlannerExecutor (grbl-simulator/grbl-simulator.js:211:14)
      at Object.<anonymous> (grbl-simulator/__tests__/grbl-simulator.test.js:864:21)


  ●  Timeout

      344 |      */
      345 |     startPlannerExecutor() {
    > 346 |         setInterval(() => {
          |         ^
      347 |             this.executePlannerQueue();
      348 |         }, 10); // Check every 10ms
      349 |     }

      at GrblSimulator.setInterval [as startPlannerExecutor] (grbl-simulator/grbl-simulator.js:346:9)
      at new startPlannerExecutor (grbl-simulator/grbl-simulator.js:211:14)
      at Object.<anonymous> (grbl-simulator/__tests__/grbl-simulator.test.js:869:21)


  ●  Timeout

      344 |      */
      345 |     startPlannerExecutor() {
    > 346 |         setInterval(() => {
          |         ^
      347 |             this.executePlannerQueue();
      348 |         }, 10); // Check every 10ms
      349 |     }

      at GrblSimulator.setInterval [as startPlannerExecutor] (grbl-simulator/grbl-simulator.js:346:9)
      at new startPlannerExecutor (grbl-simulator/grbl-simulator.js:211:14)
      at Object.<anonymous> (grbl-simulator/__tests__/grbl-simulator.test.js:879:21)


  ●  Timeout

      344 |      */
      345 |     startPlannerExecutor() {
    > 346 |         setInterval(() => {
          |         ^
      347 |             this.executePlannerQueue();
      348 |         }, 10); // Check every 10ms
      349 |     }

      at GrblSimulator.setInterval [as startPlannerExecutor] (grbl-simulator/grbl-simulator.js:346:9)
      at new startPlannerExecutor (grbl-simulator/grbl-simulator.js:211:14)
      at Object.<anonymous> (grbl-simulator/__tests__/grbl-simulator.test.js:894:21)


  ●  Timeout

      344 |      */
      345 |     startPlannerExecutor() {
    > 346 |         setInterval(() => {
          |         ^
      347 |             this.executePlannerQueue();
      348 |         }, 10); // Check every 10ms
      349 |     }

      at GrblSimulator.setInterval [as startPlannerExecutor] (grbl-simulator/grbl-simulator.js:346:9)
      at new startPlannerExecutor (grbl-simulator/grbl-simulator.js:211:14)
      at Object.<anonymous> (grbl-simulator/__tests__/grbl-simulator.test.js:906:21)


  ●  Timeout

      344 |      */
      345 |     startPlannerExecutor() {
    > 346 |         setInterval(() => {
          |         ^
      347 |             this.executePlannerQueue();
      348 |         }, 10); // Check every 10ms
      349 |     }

      at GrblSimulator.setInterval [as startPlannerExecutor] (grbl-simulator/grbl-simulator.js:346:9)
      at new startPlannerExecutor (grbl-simulator/grbl-simulator.js:211:14)
      at Object.<anonymous> (grbl-simulator/__tests__/grbl-simulator.test.js:916:21)


  ●  Timeout

      344 |      */
      345 |     startPlannerExecutor() {
    > 346 |         setInterval(() => {
          |         ^
      347 |             this.executePlannerQueue();
      348 |         }, 10); // Check every 10ms
      349 |     }

      at GrblSimulator.setInterval [as startPlannerExecutor] (grbl-simulator/grbl-simulator.js:346:9)
      at new startPlannerExecutor (grbl-simulator/grbl-simulator.js:211:14)
      at Object.<anonymous> (grbl-simulator/__tests__/grbl-simulator.test.js:938:21)


  ●  Timeout

      344 |      */
      345 |     startPlannerExecutor() {
    > 346 |         setInterval(() => {
          |         ^
      347 |             this.executePlannerQueue();
      348 |         }, 10); // Check every 10ms
      349 |     }

      at GrblSimulator.setInterval [as startPlannerExecutor] (grbl-simulator/grbl-simulator.js:346:9)
      at new startPlannerExecutor (grbl-simulator/grbl-simulator.js:211:14)
      at Object.<anonymous> (grbl-simulator/__tests__/grbl-simulator.test.js:971:21)


  ●  Timeout

      344 |      */
      345 |     startPlannerExecutor() {
    > 346 |         setInterval(() => {
          |         ^
      347 |             this.executePlannerQueue();
      348 |         }, 10); // Check every 10ms
      349 |     }

      at GrblSimulator.setInterval [as startPlannerExecutor] (grbl-simulator/grbl-simulator.js:346:9)
      at new startPlannerExecutor (grbl-simulator/grbl-simulator.js:211:14)
      at Object.<anonymous> (grbl-simulator/__tests__/grbl-simulator.test.js:977:21)


  ●  Timeout

      344 |      */
      345 |     startPlannerExecutor() {
    > 346 |         setInterval(() => {
          |         ^
      347 |             this.executePlannerQueue();
      348 |         }, 10); // Check every 10ms
      349 |     }

      at GrblSimulator.setInterval [as startPlannerExecutor] (grbl-simulator/grbl-simulator.js:346:9)
      at new startPlannerExecutor (grbl-simulator/grbl-simulator.js:211:14)
      at Object.<anonymous> (grbl-simulator/__tests__/grbl-simulator.test.js:995:21)


  ●  Timeout

      344 |      */
      345 |     startPlannerExecutor() {
    > 346 |         setInterval(() => {
          |         ^
      347 |             this.executePlannerQueue();
      348 |         }, 10); // Check every 10ms
      349 |     }

      at GrblSimulator.setInterval [as startPlannerExecutor] (grbl-simulator/grbl-simulator.js:346:9)
      at new startPlannerExecutor (grbl-simulator/grbl-simulator.js:211:14)
      at Object.<anonymous> (grbl-simulator/__tests__/grbl-simulator.test.js:1009:21)


  ●  Timeout

      344 |      */
      345 |     startPlannerExecutor() {
    > 346 |         setInterval(() => {
          |         ^
      347 |             this.executePlannerQueue();
      348 |         }, 10); // Check every 10ms
      349 |     }

      at GrblSimulator.setInterval [as startPlannerExecutor] (grbl-simulator/grbl-simulator.js:346:9)
      at new startPlannerExecutor (grbl-simulator/grbl-simulator.js:211:14)
      at Object.<anonymous> (grbl-simulator/__tests__/grbl-simulator.test.js:1021:21)


  ●  Timeout

      344 |      */
      345 |     startPlannerExecutor() {
    > 346 |         setInterval(() => {
          |         ^
      347 |             this.executePlannerQueue();
      348 |         }, 10); // Check every 10ms
      349 |     }

      at GrblSimulator.setInterval [as startPlannerExecutor] (grbl-simulator/grbl-simulator.js:346:9)
      at new startPlannerExecutor (grbl-simulator/grbl-simulator.js:211:14)
      at Object.<anonymous> (grbl-simulator/__tests__/grbl-simulator.test.js:1037:21)


  ●  Timeout

      344 |      */
      345 |     startPlannerExecutor() {
    > 346 |         setInterval(() => {
          |         ^
      347 |             this.executePlannerQueue();
      348 |         }, 10); // Check every 10ms
      349 |     }

      at GrblSimulator.setInterval [as startPlannerExecutor] (grbl-simulator/grbl-simulator.js:346:9)
      at new startPlannerExecutor (grbl-simulator/grbl-simulator.js:211:14)
      at Object.<anonymous> (grbl-simulator/__tests__/grbl-simulator.test.js:1050:21)


  ●  Timeout

      344 |      */
      345 |     startPlannerExecutor() {
    > 346 |         setInterval(() => {
          |         ^
      347 |             this.executePlannerQueue();
      348 |         }, 10); // Check every 10ms
      349 |     }

      at GrblSimulator.setInterval [as startPlannerExecutor] (grbl-simulator/grbl-simulator.js:346:9)
      at new startPlannerExecutor (grbl-simulator/grbl-simulator.js:211:14)
      at Object.<anonymous> (grbl-simulator/__tests__/grbl-simulator.test.js:1063:21)


  ●  Timeout

      344 |      */
      345 |     startPlannerExecutor() {
    > 346 |         setInterval(() => {
          |         ^
      347 |             this.executePlannerQueue();
      348 |         }, 10); // Check every 10ms
      349 |     }

      at GrblSimulator.setInterval [as startPlannerExecutor] (grbl-simulator/grbl-simulator.js:346:9)
      at new startPlannerExecutor (grbl-simulator/grbl-simulator.js:211:14)
      at Object.<anonymous> (grbl-simulator/__tests__/grbl-simulator.test.js:1073:21)


  ●  Timeout

      344 |      */
      345 |     startPlannerExecutor() {
    > 346 |         setInterval(() => {
          |         ^
      347 |             this.executePlannerQueue();
      348 |         }, 10); // Check every 10ms
      349 |     }

      at GrblSimulator.setInterval [as startPlannerExecutor] (grbl-simulator/grbl-simulator.js:346:9)
      at new startPlannerExecutor (grbl-simulator/grbl-simulator.js:211:14)
      at Object.<anonymous> (grbl-simulator/__tests__/grbl-simulator.test.js:1085:21)


  ●  Timeout

      344 |      */
      345 |     startPlannerExecutor() {
    > 346 |         setInterval(() => {
          |         ^
      347 |             this.executePlannerQueue();
      348 |         }, 10); // Check every 10ms
      349 |     }

      at GrblSimulator.setInterval [as startPlannerExecutor] (grbl-simulator/grbl-simulator.js:346:9)
      at new startPlannerExecutor (grbl-simulator/grbl-simulator.js:211:14)
      at Object.<anonymous> (grbl-simulator/__tests__/grbl-simulator.test.js:1096:21)


  ●  Timeout

      344 |      */
      345 |     startPlannerExecutor() {
    > 346 |         setInterval(() => {
          |         ^
      347 |             this.executePlannerQueue();
      348 |         }, 10); // Check every 10ms
      349 |     }

      at GrblSimulator.setInterval [as startPlannerExecutor] (grbl-simulator/grbl-simulator.js:346:9)
      at new startPlannerExecutor (grbl-simulator/grbl-simulator.js:211:14)
      at Object.<anonymous> (grbl-simulator/__tests__/grbl-simulator.test.js:1107:21)


  ●  Timeout

      344 |      */
      345 |     startPlannerExecutor() {
    > 346 |         setInterval(() => {
          |         ^
      347 |             this.executePlannerQueue();
      348 |         }, 10); // Check every 10ms
      349 |     }

      at GrblSimulator.setInterval [as startPlannerExecutor] (grbl-simulator/grbl-simulator.js:346:9)
      at new startPlannerExecutor (grbl-simulator/grbl-simulator.js:211:14)
      at Object.<anonymous> (grbl-simulator/__tests__/grbl-simulator.test.js:1119:21)


  ●  Timeout

      344 |      */
      345 |     startPlannerExecutor() {
    > 346 |         setInterval(() => {
          |         ^
      347 |             this.executePlannerQueue();
      348 |         }, 10); // Check every 10ms
      349 |     }

      at GrblSimulator.setInterval [as startPlannerExecutor] (grbl-simulator/grbl-simulator.js:346:9)
      at new startPlannerExecutor (grbl-simulator/grbl-simulator.js:211:14)
      at Object.<anonymous> (grbl-simulator/__tests__/grbl-simulator.test.js:1128:21)


  ●  Timeout

      344 |      */
      345 |     startPlannerExecutor() {
    > 346 |         setInterval(() => {
          |         ^
      347 |             this.executePlannerQueue();
      348 |         }, 10); // Check every 10ms
      349 |     }

      at GrblSimulator.setInterval [as startPlannerExecutor] (grbl-simulator/grbl-simulator.js:346:9)
      at new startPlannerExecutor (grbl-simulator/grbl-simulator.js:211:14)
      at Object.<anonymous> (grbl-simulator/__tests__/grbl-simulator.test.js:1137:21)


  ●  Timeout

      344 |      */
      345 |     startPlannerExecutor() {
    > 346 |         setInterval(() => {
          |         ^
      347 |             this.executePlannerQueue();
      348 |         }, 10); // Check every 10ms
      349 |     }

      at GrblSimulator.setInterval [as startPlannerExecutor] (grbl-simulator/grbl-simulator.js:346:9)
      at new startPlannerExecutor (grbl-simulator/grbl-simulator.js:211:14)
      at Object.<anonymous> (grbl-simulator/__tests__/grbl-simulator.test.js:1143:21)


  ●  Timeout

      344 |      */
      345 |     startPlannerExecutor() {
    > 346 |         setInterval(() => {
          |         ^
      347 |             this.executePlannerQueue();
      348 |         }, 10); // Check every 10ms
      349 |     }

      at GrblSimulator.setInterval [as startPlannerExecutor] (grbl-simulator/grbl-simulator.js:346:9)
      at new startPlannerExecutor (grbl-simulator/grbl-simulator.js:211:14)
      at Object.<anonymous> (grbl-simulator/__tests__/grbl-simulator.test.js:1153:21)


  ●  Timeout

      344 |      */
      345 |     startPlannerExecutor() {
    > 346 |         setInterval(() => {
          |         ^
      347 |             this.executePlannerQueue();
      348 |         }, 10); // Check every 10ms
      349 |     }

      at GrblSimulator.setInterval [as startPlannerExecutor] (grbl-simulator/grbl-simulator.js:346:9)
      at new startPlannerExecutor (grbl-simulator/grbl-simulator.js:211:14)
      at Object.<anonymous> (grbl-simulator/__tests__/grbl-simulator.test.js:1163:21)


  ●  Timeout

      344 |      */
      345 |     startPlannerExecutor() {
    > 346 |         setInterval(() => {
          |         ^
      347 |             this.executePlannerQueue();
      348 |         }, 10); // Check every 10ms
      349 |     }

      at GrblSimulator.setInterval [as startPlannerExecutor] (grbl-simulator/grbl-simulator.js:346:9)
      at new startPlannerExecutor (grbl-simulator/grbl-simulator.js:211:14)
      at Object.<anonymous> (grbl-simulator/__tests__/grbl-simulator.test.js:1174:21)


  ●  Timeout

      344 |      */
      345 |     startPlannerExecutor() {
    > 346 |         setInterval(() => {
          |         ^
      347 |             this.executePlannerQueue();
      348 |         }, 10); // Check every 10ms
      349 |     }

      at GrblSimulator.setInterval [as startPlannerExecutor] (grbl-simulator/grbl-simulator.js:346:9)
      at new startPlannerExecutor (grbl-simulator/grbl-simulator.js:211:14)
      at Object.<anonymous> (grbl-simulator/__tests__/grbl-simulator.test.js:1185:21)


  ●  Timeout

      344 |      */
      345 |     startPlannerExecutor() {
    > 346 |         setInterval(() => {
          |         ^
      347 |             this.executePlannerQueue();
      348 |         }, 10); // Check every 10ms
      349 |     }

      at GrblSimulator.setInterval [as startPlannerExecutor] (grbl-simulator/grbl-simulator.js:346:9)
      at new startPlannerExecutor (grbl-simulator/grbl-simulator.js:211:14)
      at Object.<anonymous> (grbl-simulator/__tests__/grbl-simulator.test.js:1200:21)


  ●  Timeout

      344 |      */
      345 |     startPlannerExecutor() {
    > 346 |         setInterval(() => {
          |         ^
      347 |             this.executePlannerQueue();
      348 |         }, 10); // Check every 10ms
      349 |     }

      at GrblSimulator.setInterval [as startPlannerExecutor] (grbl-simulator/grbl-simulator.js:346:9)
      at new startPlannerExecutor (grbl-simulator/grbl-simulator.js:211:14)
      at Object.<anonymous> (grbl-simulator/__tests__/grbl-simulator.test.js:1215:21)


  ●  Timeout

      344 |      */
      345 |     startPlannerExecutor() {
    > 346 |         setInterval(() => {
          |         ^
      347 |             this.executePlannerQueue();
      348 |         }, 10); // Check every 10ms
      349 |     }

      at GrblSimulator.setInterval [as startPlannerExecutor] (grbl-simulator/grbl-simulator.js:346:9)
      at new startPlannerExecutor (grbl-simulator/grbl-simulator.js:211:14)
      at Object.<anonymous> (grbl-simulator/__tests__/grbl-simulator.test.js:1230:21)


  ●  Timeout

      344 |      */
      345 |     startPlannerExecutor() {
    > 346 |         setInterval(() => {
          |         ^
      347 |             this.executePlannerQueue();
      348 |         }, 10); // Check every 10ms
      349 |     }

      at GrblSimulator.setInterval [as startPlannerExecutor] (grbl-simulator/grbl-simulator.js:346:9)
      at new startPlannerExecutor (grbl-simulator/grbl-simulator.js:211:14)
      at Object.<anonymous> (grbl-simulator/__tests__/grbl-simulator.test.js:1245:21)


  ●  Timeout

      344 |      */
      345 |     startPlannerExecutor() {
    > 346 |         setInterval(() => {
          |         ^
      347 |             this.executePlannerQueue();
      348 |         }, 10); // Check every 10ms
      349 |     }

      at GrblSimulator.setInterval [as startPlannerExecutor] (grbl-simulator/grbl-simulator.js:346:9)
      at new startPlannerExecutor (grbl-simulator/grbl-simulator.js:211:14)
      at Object.<anonymous> (grbl-simulator/__tests__/grbl-simulator.test.js:1257:21)
